SAMPLE POINT;DATE;Rain (mm)
MMS01;4/8/2009;0
MMS01;5/8/2009;0
MMS01;6/8/2009;0
MMS01;7/8/2009;0
MMS01;8/8/2009;0
MMS01;9/8/2009;0
MMS01;10/8/2009;0
MMS01;11/8/2009;4
MMS01;12/8/2009;0
MMS01;13/8/2009;0
MMS01;14/8/2009;0
MMS01;15/8/2009;0,4
MMS01;16/8/2009;0
MMS01;17/8/2009;0
MMS01;18/8/2009;0
MMS01;19/8/2009;0
MMS01;20/8/2009;0
MMS01;21/8/2009;0
MMS01;22/8/2009;0
MMS01;23/8/2009;0
MMS01;24/8/2009;0
MMS01;25/8/2009;0,4
MMS01;26/8/2009;0
MMS01;27/8/2009;0
MMS01;28/8/2009;0
MMS01;29/8/2009;0
MMS01;30/8/2009;0,2
MMS01;31/8/2009;0,2
MMS01;1/9/2009;5
MMS01;2/9/2009;0
MMS01;3/9/2009;0
MMS01;4/9/2009;0
MMS01;5/9/2009;0
MMS01;6/9/2009;1,2
MMS01;7/9/2009;0
MMS01;8/9/2009;0,2
MMS01;9/9/2009;0
MMS01;10/9/2009;0
MMS01;11/9/2009;1,4
MMS01;12/9/2009;1,2
MMS01;13/9/2009;0
MMS01;14/9/2009;4,6
MMS01;15/9/2009;0
MMS01;16/9/2009;0
MMS01;17/9/2009;0
MMS01;18/9/2009;1,2
MMS01;19/9/2009;0,2
MMS01;20/9/2009;19,8
MMS01;21/9/2009;0
MMS01;22/9/2009;0
MMS01;23/9/2009;0
MMS01;24/9/2009;0
MMS01;25/9/2009;0
MMS01;26/9/2009;0
MMS01;27/9/2009;0
MMS01;28/9/2009;0
MMS01;29/9/2009;0
MMS01;30/9/2009;0
MMS01;1/10/2009;0
MMS01;2/10/2009;0,4
MMS01;3/10/2009;1,4
MMS01;4/10/2009;0
MMS01;5/10/2009;0
MMS01;6/10/2009;0
MMS01;7/10/2009;0
MMS01;8/10/2009;0
MMS01;9/10/2009;0
MMS01;10/10/2009;0
MMS01;11/10/2009;0
MMS01;12/10/2009;0
MMS01;13/10/2009;0
MMS01;14/10/2009;0
MMS01;15/10/2009;5
MMS01;16/10/2009;11
MMS01;17/10/2009;0
MMS01;18/10/2009;0,4
MMS01;19/10/2009;0,2
MMS01;20/10/2009;0
MMS01;21/10/2009;0
MMS01;22/10/2009;0
MMS01;23/10/2009;0
MMS01;24/10/2009;0,4
MMS01;25/10/2009;2,2
MMS01;26/10/2009;0,4
MMS01;27/10/2009;0
MMS01;28/10/2009;0,4
MMS01;29/10/2009;0
MMS01;30/10/2009;29,8
MMS01;31/10/2009;5,2
MMS01;1/11/2009;0,2
MMS01;2/11/2009;0
MMS01;3/11/2009;68,2
MMS01;4/11/2009;0
MMS01;5/11/2009;0
MMS01;6/11/2009;0
MMS01;7/11/2009;0,4
MMS01;8/11/2009;6,6
MMS01;9/11/2009;0
MMS01;10/11/2009;11,4
MMS01;11/11/2009;0
MMS01;12/11/2009;0
MMS01;13/11/2009;0
MMS01;14/11/2009;0
MMS01;15/11/2009;0
MMS01;16/11/2009;0
MMS01;17/11/2009;0
MMS01;18/11/2009;0
MMS01;19/11/2009;0
MMS01;20/11/2009;0
MMS01;21/11/2009;0
MMS01;22/11/2009;0
MMS01;23/11/2009;0
MMS01;24/11/2009;0
MMS01;25/11/2009;0
MMS01;26/11/2009;0
MMS01;27/11/2009;0
MMS01;28/11/2009;0
MMS01;29/11/2009;0
MMS01;30/11/2009;0
MMS01;5/1/2010;5,4
MMS01;6/1/2010;0
MMS01;7/1/2010;0
MMS01;8/1/2010;0
MMS01;9/1/2010;0
MMS01;10/1/2010;0
MMS01;11/1/2010;0
MMS01;12/1/2010;0,6
MMS01;13/1/2010;0,2
MMS01;14/1/2010;1,2
MMS01;15/1/2010;0,2
MMS01;16/1/2010;0
MMS01;17/1/2010;0
MMS01;18/1/2010;0,2
MMS01;19/1/2010;0,4
MMS01;20/1/2010;2,2
MMS01;21/1/2010;0
MMS01;22/1/2010;5,8
MMS01;23/1/2010;4,4
MMS01;24/1/2010;0
MMS01;25/1/2010;0
MMS01;26/1/2010;0
MMS01;27/1/2010;0
MMS01;28/1/2010;4,2
MMS01;29/1/2010;2,2
MMS01;30/1/2010;2
MMS01;31/1/2010;0,8
MMS01;1/2/2010;0,6
MMS01;2/2/2010;3
MMS01;3/2/2010;0
MMS01;4/2/2010;0
MMS01;5/2/2010;0
MMS01;6/2/2010;36,4
MMS01;7/2/2010;39,8
MMS01;8/2/2010;17,6
MMS01;9/2/2010;0
MMS01;10/2/2010;163,4
MMS01;11/2/2010;0,4
MMS01;12/2/2010;11,2
MMS01;13/2/2010;0
MMS01;14/2/2010;19,8
MMS01;15/2/2010;7,2
MMS01;16/2/2010;1,4
MMS01;17/2/2010;4,2
MMS01;18/2/2010;0,2
MMS01;19/2/2010;0
MMS01;20/2/2010;0
MMS01;21/2/2010;0
MMS01;22/2/2010;0
MMS01;23/2/2010;1,6
MMS01;24/2/2010;1,2
MMS01;25/2/2010;0,4
MMS01;26/2/2010;0
MMS01;27/2/2010;4,6
MMS01;28/2/2010;0
MMS01;6/3/2010;0
MMS01;7/3/2010;0
MMS01;8/3/2010;19,2
MMS01;9/3/2010;10
MMS01;10/3/2010;4
MMS01;11/3/2010;0,2
MMS01;12/3/2010;0
MMS01;13/3/2010;0
MMS01;14/3/2010;0
MMS01;15/3/2010;0
MMS01;16/3/2010;0
MMS01;17/3/2010;0
MMS01;18/3/2010;0
MMS01;19/3/2010;0
MMS01;20/3/2010;0
MMS01;21/3/2010;0
MMS01;22/3/2010;0
MMS01;23/3/2010;0
MMS01;24/3/2010;0
MMS01;25/3/2010;0
MMS01;26/3/2010;0
MMS01;27/3/2010;0
MMS01;28/3/2010;0,4
MMS01;29/3/2010;0
MMS01;30/3/2010;0
MMS01;31/3/2010;0
MMS01;1/5/2010;0
MMS01;2/5/2010;0
MMS01;3/5/2010;0
MMS01;4/5/2010;0
MMS01;5/5/2010;0
MMS01;6/5/2010;0
MMS01;7/5/2010;0
MMS01;8/5/2010;0
MMS01;9/5/2010;0
MMS01;10/5/2010;0
MMS01;11/5/2010;0
MMS01;12/5/2010;0
MMS01;13/5/2010;0
MMS01;14/5/2010;0
MMS01;15/5/2010;22,6
MMS01;16/5/2010;0
MMS01;17/5/2010;0
MMS01;18/5/2010;0
MMS01;19/5/2010;0
MMS01;20/5/2010;0
MMS01;21/5/2010;19,8
MMS01;22/5/2010;0
MMS01;23/5/2010;0
MMS01;24/5/2010;1
MMS01;25/5/2010;0
MMS01;26/5/2010;0
MMS01;27/5/2010;0
MMS01;28/5/2010;0
MMS01;29/5/2010;0
MMS01;30/5/2010;0
MMS01;31/5/2010;0
MMS01;1/6/2010;2,6
MMS01;2/6/2010;0
MMS01;3/6/2010;4,2
MMS01;4/6/2010;0
MMS01;5/6/2010;0
MMS01;6/6/2010;2
MMS01;7/6/2010;0
MMS01;8/6/2010;0,2
MMS01;9/6/2010;0,2
MMS01;10/6/2010;0
MMS01;11/6/2010;0
MMS01;12/6/2010;0
MMS01;13/6/2010;0
MMS01;14/6/2010;0
MMS01;15/6/2010;0
MMS01;16/6/2010;0
MMS01;17/6/2010;0
MMS01;18/6/2010;6
MMS01;19/6/2010;0,6
MMS01;20/6/2010;2,2
MMS01;21/6/2010;0
MMS01;22/6/2010;1,8
MMS01;23/6/2010;0
MMS01;24/6/2010;6,8
MMS01;25/6/2010;0,2
MMS01;26/6/2010;0
MMS01;27/6/2010;0
MMS01;28/6/2010;0,2
MMS01;29/6/2010;0
MMS01;30/6/2010;0
MMS01;1/7/2010;0
MMS01;2/7/2010;0
MMS01;3/7/2010;0
MMS01;22/7/2010;0
MMS01;23/7/2010;0
MMS01;24/7/2010;0
MMS01;25/7/2010;0,2
MMS01;26/7/2010;24,8
MMS01;27/7/2010;50,2
MMS01;28/7/2010;0
MMS01;29/7/2010;0
MMS01;30/7/2010;0
MMS01;31/7/2010;0
MMS01;1/8/2010;0
MMS01;2/8/2010;0
MMS01;3/8/2010;0
MMS01;4/8/2010;0
MMS01;5/8/2010;0
MMS01;6/8/2010;0
MMS01;7/8/2010;0
MMS01;8/8/2010;0
MMS01;9/8/2010;0
MMS01;10/8/2010;0
MMS01;11/8/2010;0
MMS01;12/8/2010;0
MMS01;13/8/2010;0
MMS01;14/8/2010;0
MMS01;15/8/2010;0
MMS01;16/8/2010;0
MMS01;17/8/2010;0
MMS01;18/8/2010;0
MMS01;19/8/2010;0
MMS01;20/8/2010;0
MMS01;21/8/2010;0
MMS01;22/8/2010;0
MMS01;23/8/2010;0
MMS01;24/8/2010;0
MMS01;25/8/2010;0
MMS01;26/8/2010;0
MMS01;27/8/2010;0
MMS01;28/8/2010;0
MMS01;29/8/2010;0
MMS01;30/8/2010;0
MMS01;31/8/2010;2,6
MMS01;15/9/2010;0
MMS01;16/9/2010;0
MMS01;17/9/2010;0
MMS01;18/9/2010;0
MMS01;19/9/2010;0
MMS01;20/9/2010;0,2
MMS01;21/9/2010;0
MMS01;22/9/2010;0
MMS01;23/9/2010;0
MMS01;24/9/2010;0
MMS01;25/9/2010;2
MMS01;26/9/2010;0,2
MMS01;27/9/2010;0
MMS01;28/9/2010;0
MMS01;29/9/2010;4,8
MMS01;30/9/2010;0
MMS01;1/10/2010;0
MMS01;2/10/2010;0
MMS01;3/10/2010;1,8
MMS01;4/10/2010;4,2
MMS01;5/10/2010;0,8
MMS01;6/10/2010;9
MMS01;7/10/2010;5,8
MMS01;8/10/2010;2,4
MMS01;9/10/2010;0
MMS01;10/10/2010;0
MMS01;11/10/2010;5,4
MMS01;12/10/2010;15,2
MMS01;13/10/2010;3
MMS01;14/10/2010;17,4
MMS01;15/10/2010;18,8
MMS01;16/10/2010;6,8
MMS01;17/10/2010;0
MMS01;18/10/2010;52,4
MMS01;19/10/2010;1,8
MMS01;20/10/2010;0
MMS01;21/10/2010;0
MMS01;22/10/2010;0
MMS01;23/10/2010;0
MMS01;24/10/2010;0
MMS01;25/10/2010;3,6
MMS01;26/10/2010;3,8
MMS01;27/10/2010;55
MMS01;28/10/2010;28,4
MMS01;29/10/2010;0
MMS01;30/10/2010;0
MMS01;31/10/2010;0,2
MMS01;1/1/2011;0
MMS01;2/1/2011;3,8
MMS01;3/1/2011;8,8
MMS01;4/1/2011;1
MMS01;5/1/2011;1
MMS01;6/1/2011;0,4
MMS01;7/1/2011;0
MMS01;8/1/2011;0
MMS01;9/1/2011;0,2
MMS01;10/1/2011;0,2
MMS01;11/1/2011;0
MMS01;12/1/2011;1
MMS01;13/1/2011;0
MMS01;14/1/2011;0,2
MMS01;15/1/2011;1,2
MMS01;16/1/2011;0
MMS01;17/1/2011;0
MMS01;18/1/2011;0
MMS01;19/1/2011;0
MMS01;20/1/2011;0,2
MMS01;21/1/2011;7,2
MMS01;22/1/2011;8,6
MMS01;23/1/2011;1,4
MMS01;24/1/2011;0
MMS01;25/1/2011;3,6
MMS01;26/1/2011;0
MMS01;27/1/2011;0
MMS01;28/1/2011;1,6
MMS01;29/1/2011;0
MMS01;30/1/2011;0
MMS01;31/1/2011;0
MMS01;1/2/2011;0
MMS01;2/2/2011;0
MMS01;3/2/2011;0
MMS01;4/2/2011;0
MMS01;5/2/2011;0
MMS01;6/2/2011;0
MMS01;7/2/2011;0
MMS01;8/2/2011;0
MMS01;9/2/2011;0
MMS01;10/2/2011;0
MMS01;11/2/2011;0
MMS01;12/2/2011;0
MMS01;13/2/2011;0
MMS01;14/2/2011;0
MMS01;15/2/2011;0
MMS01;16/2/2011;1,4
MMS01;17/2/2011;1
MMS01;18/2/2011;4,6
MMS01;19/2/2011;9
MMS01;20/2/2011;2
MMS01;21/2/2011;2,4
MMS01;22/2/2011;9,8
MMS01;23/2/2011;0
MMS01;24/2/2011;0
MMS01;25/2/2011;0,8
MMS01;26/2/2011;0,4
MMS01;27/2/2011;0
MMS01;28/2/2011;0
MMS01;1/3/2011;0
MMS01;2/3/2011;1,4
MMS01;3/3/2011;3,2
MMS01;4/3/2011;0
MMS01;5/3/2011;0
MMS01;6/3/2011;5,6
MMS01;7/3/2011;12,2
MMS01;8/3/2011;0
MMS01;9/3/2011;0
MMS01;10/3/2011;0
MMS01;11/3/2011;0
MMS01;12/3/2011;0
MMS01;13/3/2011;0
MMS01;14/3/2011;0
MMS01;15/3/2011;0,2
MMS01;16/3/2011;0,2
MMS01;17/3/2011;3
MMS01;18/3/2011;0
MMS01;19/3/2011;10,4
MMS01;20/3/2011;9,4
MMS01;21/3/2011;0
MMS01;22/3/2011;0
MMS01;23/3/2011;0
MMS01;24/3/2011;0
MMS01;25/3/2011;0
MMS01;26/3/2011;0
MMS01;27/3/2011;0
MMS01;28/3/2011;0
MMS01;29/3/2011;1,8
MMS01;30/3/2011;1,2
MMS01;31/3/2011;2
MMS01;1/4/2011;1,8
MMS01;2/4/2011;0
MMS01;3/4/2011;0
MMS01;4/4/2011;0
MMS01;5/4/2011;0
MMS01;6/4/2011;2
MMS01;7/4/2011;0
MMS01;8/4/2011;0
MMS01;9/4/2011;0
MMS01;10/4/2011;0
MMS01;11/4/2011;0
MMS01;12/4/2011;0
MMS01;13/4/2011;0
MMS01;14/4/2011;4,4
MMS01;15/4/2011;0
MMS01;16/4/2011;0
MMS01;17/4/2011;0
MMS01;18/4/2011;11,6
MMS01;19/4/2011;0,4
MMS01;20/4/2011;0
MMS01;21/4/2011;0
MMS01;22/4/2011;0
MMS01;23/4/2011;0
MMS01;24/4/2011;0
MMS01;25/4/2011;0
MMS01;26/4/2011;0
MMS01;27/4/2011;3,6
MMS01;28/4/2011;0
MMS01;29/4/2011;0
MMS01;30/4/2011;0
MMS01;1/5/2011;2,8
MMS01;2/5/2011;0,2
MMS01;3/5/2011;0,6
MMS01;4/5/2011;0,2
MMS01;5/5/2011;29,6
MMS01;6/5/2011;0,2
MMS01;7/5/2011;0
MMS01;8/5/2011;0,2
MMS01;9/5/2011;0,2
MMS01;10/5/2011;0
MMS01;11/5/2011;0,8
MMS01;12/5/2011;0,4
MMS01;13/5/2011;0
MMS01;14/5/2011;0
MMS01;15/5/2011;0
MMS01;16/5/2011;0
MMS01;17/5/2011;0
MMS01;18/5/2011;0
MMS01;19/5/2011;1,8
MMS01;20/5/2011;0,2
MMS01;21/5/2011;0
MMS01;22/5/2011;0
MMS01;23/5/2011;0
MMS01;24/5/2011;0
MMS01;25/5/2011;0
MMS01;26/5/2011;0
MMS01;27/5/2011;0,2
MMS01;28/5/2011;0
MMS01;29/5/2011;0
MMS01;30/5/2011;2
MMS01;31/5/2011;0,2
MMS01;1/6/2011;0
MMS01;2/6/2011;0
MMS01;3/6/2011;0
MMS01;4/6/2011;0
MMS01;5/6/2011;0
MMS01;6/6/2011;0
MMS01;7/6/2011;0
MMS01;8/6/2011;0
MMS01;9/6/2011;0
MMS01;10/6/2011;0
MMS01;11/6/2011;0
MMS01;12/6/2011;2,2
MMS01;13/6/2011;0,2
MMS01;14/6/2011;0
MMS01;15/6/2011;0
MMS01;16/6/2011;0,8
MMS01;17/6/2011;0
MMS01;18/6/2011;0
MMS01;19/6/2011;0
MMS01;20/6/2011;0
MMS01;21/6/2011;0
MMS01;22/6/2011;0
MMS01;23/6/2011;0
MMS01;24/6/2011;0
MMS01;25/6/2011;0,4
MMS01;26/6/2011;0,2
MMS01;27/6/2011;0
MMS01;28/6/2011;0
MMS01;29/6/2011;0
MMS01;30/6/2011;0
MMS01;1/7/2011;1,8
MMS01;2/7/2011;0
MMS01;3/7/2011;11,2
MMS01;4/7/2011;0
MMS01;5/7/2011;0
MMS01;6/7/2011;1,8
MMS01;7/7/2011;0
MMS01;8/7/2011;0
MMS01;9/7/2011;0
MMS01;10/7/2011;0
MMS01;11/7/2011;0
MMS01;12/7/2011;0
MMS01;13/7/2011;0
MMS01;14/7/2011;0
MMS01;15/7/2011;0
MMS01;16/7/2011;0
MMS01;17/7/2011;0
MMS01;18/7/2011;0
MMS01;19/7/2011;0
MMS01;20/7/2011;0
MMS01;21/7/2011;0
MMS01;22/7/2011;0
MMS01;23/7/2011;0
MMS01;24/7/2011;0
MMS01;25/7/2011;0
MMS01;26/7/2011;3
MMS01;27/7/2011;0
MMS01;28/7/2011;0
MMS01;29/7/2011;0
MMS01;30/7/2011;0
MMS01;31/7/2011;0
MMS01;1/8/2011;0,4
MMS01;2/8/2011;0,6
MMS01;3/8/2011;0
MMS01;4/8/2011;0
MMS01;5/8/2011;0
MMS01;6/8/2011;0,6
MMS01;7/8/2011;0
MMS01;8/8/2011;0
MMS01;9/8/2011;0
MMS01;10/8/2011;10,6
MMS01;11/8/2011;5,4
MMS01;12/8/2011;0
MMS01;13/8/2011;0
MMS01;14/8/2011;0
MMS01;15/8/2011;0
MMS01;16/8/2011;0
MMS01;17/8/2011;0
MMS01;18/8/2011;0
MMS01;19/8/2011;0
MMS01;20/8/2011;0
MMS01;21/8/2011;0
MMS01;22/8/2011;0
MMS01;23/8/2011;0
MMS01;24/8/2011;0
MMS01;25/8/2011;0
MMS01;26/8/2011;0
MMS01;27/8/2011;0
MMS01;28/8/2011;0
MMS01;29/8/2011;0
MMS01;30/8/2011;0
MMS01;31/8/2011;0
MMS01;1/9/2011;0
MMS01;2/9/2011;0
MMS01;3/9/2011;0
MMS01;4/9/2011;0
MMS01;5/9/2011;0
MMS01;6/9/2011;0
MMS01;7/9/2011;6,4
MMS01;8/9/2011;0
MMS01;9/9/2011;0
MMS01;10/9/2011;0
MMS01;11/9/2011;0
MMS01;12/9/2011;0
MMS01;13/9/2011;0
MMS01;14/9/2011;0
MMS01;15/9/2011;0
MMS01;16/9/2011;0
MMS01;17/9/2011;0
MMS01;18/9/2011;0
MMS01;19/9/2011;0
MMS01;20/9/2011;0
MMS01;21/9/2011;33
MMS01;22/9/2011;2,2
MMS01;23/9/2011;0
MMS01;24/9/2011;0
MMS01;25/9/2011;0
MMS01;26/9/2011;0
MMS01;27/9/2011;0
MMS01;28/9/2011;0
MMS01;29/9/2011;0
MMS01;30/9/2011;0
MMS01;1/10/2011;0
MMS01;2/10/2011;0
MMS01;3/10/2011;0
MMS01;4/10/2011;0
MMS01;5/10/2011;0
MMS01;6/10/2011;0
MMS01;7/10/2011;0
MMS01;8/10/2011;0
MMS01;9/10/2011;6
MMS01;10/10/2011;25,4
MMS01;11/10/2011;0,2
MMS01;12/10/2011;0
MMS01;13/10/2011;5,8
MMS01;14/10/2011;6
MMS01;15/10/2011;2,4
MMS01;16/10/2011;8
MMS01;17/10/2011;0,8
MMS01;18/10/2011;0
MMS01;19/10/2011;0
MMS01;20/10/2011;0
MMS01;21/10/2011;0
MMS01;22/10/2011;0
MMS01;23/10/2011;0
MMS01;24/10/2011;0
MMS01;25/10/2011;0
MMS01;26/10/2011;0
MMS01;27/10/2011;0
MMS01;28/10/2011;0
MMS01;29/10/2011;0
MMS01;30/10/2011;0
MMS01;31/10/2011;0
MMS01;1/11/2011;0
MMS01;2/11/2011;0
MMS01;3/11/2011;0
MMS01;4/11/2011;0
MMS01;5/11/2011;0
MMS01;6/11/2011;0
MMS01;7/11/2011;0
MMS01;8/11/2011;0
MMS01;9/11/2011;0
MMS01;10/11/2011;2,6
MMS01;11/11/2011;3,8
MMS01;12/11/2011;0
MMS01;13/11/2011;0
MMS01;14/11/2011;0
MMS01;15/11/2011;0
MMS01;16/11/2011;0
MMS01;17/11/2011;0
MMS01;18/11/2011;0
MMS01;19/11/2011;0
MMS01;20/11/2011;0
MMS01;21/11/2011;0
MMS01;22/11/2011;0
MMS01;23/11/2011;0
MMS01;24/11/2011;0
MMS01;25/11/2011;0
MMS01;26/11/2011;0
MMS01;27/11/2011;0
MMS01;28/11/2011;0
MMS01;29/11/2011;0
MMS01;30/11/2011;0
MMS01;1/12/2011;0
MMS01;2/12/2011;0
MMS01;3/12/2011;0,2
MMS01;4/12/2011;0,2
MMS01;5/12/2011;0,2
MMS01;6/12/2011;0
MMS01;7/12/2011;1,8
MMS01;8/12/2011;0,2
MMS01;9/12/2011;0
MMS01;10/12/2011;0
MMS01;11/12/2011;0
MMS01;12/12/2011;0
MMS01;13/12/2011;0
MMS01;14/12/2011;0,2
MMS01;15/12/2011;0
MMS01;16/12/2011;1,4
MMS01;17/12/2011;0
MMS01;18/12/2011;0
MMS01;19/12/2011;6,2
MMS01;20/12/2011;0
MMS01;21/12/2011;0,4
MMS01;22/12/2011;114,8
MMS01;23/12/2011;5,8
MMS01;24/12/2011;0
MMS01;25/12/2011;0
MMS01;26/12/2011;0
MMS01;27/12/2011;0
MMS01;28/12/2011;0
MMS01;29/12/2011;0
MMS01;30/12/2011;0
MMS01;31/12/2011;11,2
MMS01;1/1/2012;0
MMS01;2/1/2012;0
MMS01;3/1/2012;0
MMS01;4/1/2012;0,2
MMS01;5/1/2012;0
MMS01;6/1/2012;8
MMS01;7/1/2012;3,4
MMS01;8/1/2012;0
MMS01;9/1/2012;6,6
MMS01;10/1/2012;0,2
MMS01;11/1/2012;0
MMS01;12/1/2012;0
MMS01;13/1/2012;0
MMS01;14/1/2012;1,2
MMS01;15/1/2012;0
MMS01;16/1/2012;0
MMS01;17/1/2012;0
MMS01;18/1/2012;0
MMS01;19/1/2012;0
MMS01;20/1/2012;0
MMS01;21/1/2012;0,8
MMS01;22/1/2012;0
MMS01;23/1/2012;0
MMS01;24/1/2012;2,2
MMS01;25/1/2012;0,8
MMS01;26/1/2012;0
MMS01;27/1/2012;0
MMS01;28/1/2012;0,6
MMS01;29/1/2012;0
MMS01;30/1/2012;0
MMS01;31/1/2012;0
MMS01;1/2/2012;0
MMS01;2/2/2012;2,8
MMS01;3/2/2012;3,8
MMS01;4/2/2012;5,2
MMS01;5/2/2012;8
MMS01;6/2/2012;14
MMS01;7/2/2012;33,4
MMS01;8/2/2012;0
MMS01;9/2/2012;3,2
MMS01;10/2/2012;0,6
MMS01;11/2/2012;1,8
MMS01;12/2/2012;4
MMS01;13/2/2012;6
MMS01;14/2/2012;3,4
MMS01;15/2/2012;6,2
MMS01;16/2/2012;0
MMS01;17/2/2012;0
MMS01;18/2/2012;0
MMS01;19/2/2012;0
MMS01;20/2/2012;0
MMS01;21/2/2012;0
MMS01;22/2/2012;0
MMS01;23/2/2012;0
MMS01;24/2/2012;0
MMS01;25/2/2012;0
MMS01;26/2/2012;4,6
MMS01;27/2/2012;14
MMS01;28/2/2012;0
MMS01;29/2/2012;0
MMS01;1/3/2012;7
MMS01;2/3/2012;0
MMS01;3/3/2012;0
MMS01;4/3/2012;0
MMS01;5/3/2012;0
MMS01;6/3/2012;3,6
MMS01;7/3/2012;0,8
MMS01;8/3/2012;6,6
MMS01;9/3/2012;8
MMS01;10/3/2012;0
MMS01;11/3/2012;9
MMS01;12/3/2012;4
MMS01;13/3/2012;0
MMS01;14/3/2012;0
MMS01;15/3/2012;0
MMS01;16/3/2012;0
MMS01;17/3/2012;0
MMS01;18/3/2012;0
MMS01;19/3/2012;0
MMS01;20/3/2012;0,2
MMS01;21/3/2012;0
MMS01;22/3/2012;0
MMS01;23/3/2012;0
MMS01;24/3/2012;0
MMS01;25/3/2012;0
MMS01;26/3/2012;0
MMS01;27/3/2012;0
MMS01;28/3/2012;0
MMS01;29/3/2012;0
MMS01;30/3/2012;0
MMS01;1/6/2012;0
MMS01;2/6/2012;0
MMS01;3/6/2012;0
MMS01;4/6/2012;0
MMS01;5/6/2012;0
MMS01;6/6/2012;0
MMS01;7/6/2012;0
MMS01;8/6/2012;0
MMS01;9/6/2012;0
MMS01;10/6/2012;0
MMS01;11/6/2012;0
MMS01;12/6/2012;0
MMS01;13/6/2012;0
MMS01;14/6/2012;0
MMS01;15/6/2012;0
MMS01;16/6/2012;0
MMS01;17/6/2012;0
MMS01;18/6/2012;0
MMS01;19/6/2012;5,8
MMS01;20/6/2012;0
MMS01;21/6/2012;0
MMS01;22/6/2012;0
MMS01;23/6/2012;0
MMS01;24/6/2012;0
MMS01;4/7/2012;0
MMS01;5/7/2012;0
MMS01;6/7/2012;0
MMS01;7/7/2012;0
MMS01;8/7/2012;0
MMS01;9/7/2012;0
MMS01;10/7/2012;0
MMS01;11/7/2012;0,4
MMS01;12/7/2012;0
MMS01;13/7/2012;0
MMS01;14/7/2012;0
MMS01;15/7/2012;0
MMS01;16/7/2012;0
MMS01;17/7/2012;0
MMS01;18/7/2012;0
MMS01;19/7/2012;0
MMS01;20/7/2012;0
MMS01;21/7/2012;0
MMS01;22/7/2012;0
MMS01;23/7/2012;0
MMS01;24/7/2012;0
MMS01;25/7/2012;0
MMS01;26/7/2012;0
MMS01;27/7/2012;0
MMS01;28/7/2012;0
MMS01;29/7/2012;0
MMS01;30/7/2012;0
MMS01;31/7/2012;0
MMS01;1/8/2012;2,2
MMS01;2/8/2012;0
MMS01;3/8/2012;0
MMS01;4/8/2012;0
MMS01;5/8/2012;0
MMS01;6/8/2012;0
MMS01;7/8/2012;0
MMS01;8/8/2012;0
MMS01;9/8/2012;0
MMS01;10/8/2012;0
MMS01;11/8/2012;0
MMS01;12/8/2012;0
MMS01;13/8/2012;1,6
MMS01;14/8/2012;0
MMS01;15/8/2012;0
MMS01;16/8/2012;0
MMS01;17/8/2012;0
MMS01;18/8/2012;0
MMS01;19/8/2012;0
MMS01;20/8/2012;0
MMS01;21/8/2012;0
MMS01;22/8/2012;0
MMS01;23/8/2012;0
MMS01;24/8/2012;0
MMS01;25/8/2012;0
MMS01;26/8/2012;0
MMS01;27/8/2012;0
MMS01;28/8/2012;0
MMS01;29/8/2012;0
MMS01;30/8/2012;0
MMS01;31/8/2012;0
MMS01;1/9/2012;0
MMS01;2/9/2012;0
MMS01;3/9/2012;0
MMS01;4/9/2012;0
MMS01;5/9/2012;0
MMS01;6/9/2012;0
MMS01;7/9/2012;3
MMS01;8/9/2012;0
MMS01;9/9/2012;0
MMS01;10/9/2012;0
MMS01;11/9/2012;0
MMS01;12/9/2012;0
MMS01;13/9/2012;0
MMS01;14/9/2012;1,8
MMS01;15/9/2012;9
MMS01;16/9/2012;3,8
MMS01;17/9/2012;19,8
MMS01;18/9/2012;0
MMS01;19/9/2012;0
MMS01;20/9/2012;0,2
MMS01;21/9/2012;0
MMS01;22/9/2012;0
MMS01;23/9/2012;0
MMS01;24/9/2012;0
MMS01;25/9/2012;0
MMS01;26/9/2012;0
MMS01;27/9/2012;0
MMS01;28/9/2012;0
MMS01;29/9/2012;0
MMS01;30/9/2012;0
MMS01;1/10/2012;0
MMS01;2/10/2012;0
MMS01;3/10/2012;0
MMS01;4/10/2012;3,8
MMS01;5/10/2012;0
MMS01;6/10/2012;0
MMS01;7/10/2012;0
MMS01;8/10/2012;0
MMS01;9/10/2012;0
MMS01;10/10/2012;0
MMS01;11/10/2012;0
MMS01;12/10/2012;0
MMS01;13/10/2012;0
MMS01;14/10/2012;0
MMS01;15/10/2012;0,2
MMS01;16/10/2012;0
MMS01;17/10/2012;0
MMS01;18/10/2012;0
MMS01;19/10/2012;0
MMS01;20/10/2012;0
MMS01;21/10/2012;0
MMS01;22/10/2012;0
MMS01;23/10/2012;0
MMS01;24/10/2012;0
MMS01;25/10/2012;0
MMS01;26/10/2012;0
MMS01;27/10/2012;2
MMS01;28/10/2012;9,4
MMS01;29/10/2012;7,2
MMS01;30/10/2012;1,4
MMS01;31/10/2012;0
MMS01;1/11/2012;10,4
MMS01;2/11/2012;0
MMS01;3/11/2012;0,2
MMS01;4/11/2012;0
MMS01;5/11/2012;0
MMS01;6/11/2012;0
MMS01;7/11/2012;27,4
MMS01;8/11/2012;0,6
MMS01;9/11/2012;0
MMS01;10/11/2012;0
MMS01;11/11/2012;0
MMS01;12/11/2012;0
MMS01;13/11/2012;0
MMS01;14/11/2012;0
MMS01;15/11/2012;0
MMS01;16/11/2012;0
MMS01;17/11/2012;0
MMS01;18/11/2012;0
MMS01;19/11/2012;0
MMS01;20/11/2012;12,4
MMS01;21/11/2012;2
MMS01;22/11/2012;0
MMS01;23/11/2012;0
MMS01;24/11/2012;0
MMS01;25/11/2012;0
MMS01;26/11/2012;0
MMS01;27/11/2012;0
MMS01;28/11/2012;0
MMS01;29/11/2012;5,8
MMS01;30/11/2012;0
MMS01;1/12/2012;0
MMS01;2/12/2012;10
MMS01;3/12/2012;3,2
MMS01;4/12/2012;0
MMS01;5/12/2012;2,2
MMS01;6/12/2012;0
MMS01;7/12/2012;0
MMS01;8/12/2012;4,4
MMS01;9/12/2012;8,8
MMS01;10/12/2012;0
MMS01;11/12/2012;4,4
MMS01;12/12/2012;0
MMS01;13/12/2012;0
MMS01;14/12/2012;0
MMS01;15/12/2012;0
MMS01;16/12/2012;0
MMS01;17/12/2012;2
MMS01;18/12/2012;17,6
MMS01;19/12/2012;5,8
MMS01;20/12/2012;0,6
MMS01;21/12/2012;4,6
MMS01;22/12/2012;2
MMS01;23/12/2012;0
MMS01;24/12/2012;0
MMS01;25/12/2012;0
MMS01;26/12/2012;0,4
MMS01;27/12/2012;0
MMS01;28/12/2012;0,2
MMS01;29/12/2012;3,4
MMS01;30/12/2012;0
MMS01;31/12/2012;0
MMS01;1/1/2013;0
MMS01;2/1/2013;0
MMS01;3/1/2013;0,2
MMS01;4/1/2013;0
MMS01;5/1/2013;0
MMS01;6/1/2013;0
MMS01;7/1/2013;0
MMS01;8/1/2013;0
MMS01;9/1/2013;0
MMS01;10/1/2013;0
MMS01;11/1/2013;1,4
MMS01;12/1/2013;2,2
MMS01;13/1/2013;0,2
MMS01;14/1/2013;0,4
MMS01;15/1/2013;0,6
MMS01;16/1/2013;0,6
MMS01;17/1/2013;0,4
MMS01;18/1/2013;0
MMS01;19/1/2013;0,2
MMS01;20/1/2013;0
MMS01;21/1/2013;0,2
MMS01;22/1/2013;0,2
MMS01;23/1/2013;0
MMS01;24/1/2013;0,2
MMS01;25/1/2013;0
MMS01;26/1/2013;1
MMS01;27/1/2013;0,2
MMS01;28/1/2013;0,2
MMS01;29/1/2013;0
MMS01;30/1/2013;0,2
MMS01;31/1/2013;0
MMS01;1/2/2013;0
MMS01;2/2/2013;0
MMS01;3/2/2013;0
MMS01;4/2/2013;0
MMS01;5/2/2013;0
MMS01;6/2/2013;0
MMS01;7/2/2013;0
MMS01;8/2/2013;0
MMS01;9/2/2013;0
MMS01;10/2/2013;0
MMS01;11/2/2013;0
MMS01;12/2/2013;0
MMS01;13/2/2013;0
MMS01;14/2/2013;0
MMS01;15/2/2013;0
MMS01;16/2/2013;0
MMS01;17/2/2013;0
MMS01;18/2/2013;0
MMS01;19/2/2013;0
MMS01;20/2/2013;0,4
MMS01;21/2/2013;0
MMS01;22/2/2013;0,8
MMS01;23/2/2013;0
MMS01;24/2/2013;0,2
MMS01;25/2/2013;0,6
MMS01;26/2/2013;23
MMS01;27/2/2013;47,6
MMS01;28/2/2013;0,2
MMS01;1/3/2013;0
MMS01;2/3/2013;1,6
MMS01;3/3/2013;1,4
MMS01;4/3/2013;0
MMS01;5/3/2013;0
MMS01;6/3/2013;0
MMS01;7/3/2013;4
MMS01;8/3/2013;0,8
MMS01;9/3/2013;0,6
MMS01;10/3/2013;0,2
MMS01;11/3/2013;0
MMS01;12/3/2013;0
MMS01;13/3/2013;0
MMS01;14/3/2013;5,8
MMS01;15/3/2013;0
MMS01;16/3/2013;0
MMS01;17/3/2013;0
MMS01;18/3/2013;5,4
MMS01;19/3/2013;0,2
MMS01;20/3/2013;0
MMS01;21/3/2013;6,8
MMS01;22/3/2013;0
MMS01;23/3/2013;0
MMS01;24/3/2013;0
MMS01;25/3/2013;0
MMS01;26/3/2013;0,8
MMS01;27/3/2013;4,6
MMS01;28/3/2013;0,2
MMS01;29/3/2013;0,2
MMS01;30/3/2013;0
MMS01;31/3/2013;1
MMS01;1/4/2013;0,2
MMS01;2/4/2013;0
MMS01;3/4/2013;4
MMS01;4/4/2013;0,2
MMS01;5/4/2013;0
MMS01;6/4/2013;0
MMS01;7/4/2013;10,2
MMS01;8/4/2013;6,8
MMS01;9/4/2013;0,8
MMS01;10/4/2013;0,2
MMS01;11/4/2013;0,2
MMS01;12/4/2013;0
MMS01;13/4/2013;0
MMS01;14/4/2013;10,6
MMS01;15/4/2013;7,2
MMS01;16/4/2013;0
MMS01;17/4/2013;0
MMS01;18/4/2013;0
MMS01;19/4/2013;0
MMS01;20/4/2013;0
MMS01;21/4/2013;0
MMS01;22/4/2013;0
MMS01;23/4/2013;0
MMS01;24/4/2013;0
MMS01;25/4/2013;0
MMS01;26/4/2013;0
MMS01;27/4/2013;0
MMS01;28/4/2013;0
MMS01;29/4/2013;0
MMS01;30/4/2013;0
MMS01;1/5/2013;0
MMS01;2/5/2013;0
MMS01;3/5/2013;0
MMS01;4/5/2013;0
MMS01;5/5/2013;0
MMS01;6/5/2013;0
MMS01;7/5/2013;0
MMS01;8/5/2013;3,2
MMS01;9/5/2013;2,8
MMS01;10/5/2013;0
MMS01;11/5/2013;0
MMS01;12/5/2013;2,8
MMS01;13/5/2013;0
MMS01;14/5/2013;0
MMS01;15/5/2013;0
MMS01;16/5/2013;0
MMS01;17/5/2013;0
MMS01;18/5/2013;0
MMS01;19/5/2013;0
MMS01;20/5/2013;0
MMS01;21/5/2013;0
MMS01;22/5/2013;0
MMS01;23/5/2013;0
MMS01;24/5/2013;0
MMS01;25/5/2013;0
MMS01;26/5/2013;0
MMS01;27/5/2013;0
MMS01;28/5/2013;0
MMS01;29/5/2013;0
MMS01;30/5/2013;0
MMS01;31/5/2013;0
MMS01;1/6/2013;0
MMS01;2/6/2013;5,6
MMS01;3/6/2013;0
MMS01;4/6/2013;1,8
MMS01;5/6/2013;16,6
MMS01;6/6/2013;0
MMS01;7/6/2013;3,2
MMS01;8/6/2013;0
MMS01;9/6/2013;0
MMS01;10/6/2013;3,2
MMS01;11/6/2013;0
MMS01;12/6/2013;5,8
MMS01;13/6/2013;10,6
MMS01;14/6/2013;2
MMS01;15/6/2013;0
MMS01;16/6/2013;0
MMS01;17/6/2013;0
MMS01;18/6/2013;0
MMS01;19/6/2013;0
MMS01;20/6/2013;0
MMS01;21/6/2013;0
MMS01;22/6/2013;0
MMS01;23/6/2013;0
MMS01;24/6/2013;0
MMS01;25/6/2013;0
MMS01;26/6/2013;0
MMS01;27/6/2013;0
MMS01;28/6/2013;3,6
MMS01;29/6/2013;3,6
MMS01;30/6/2013;0
MMS01;1/7/2013;0
MMS01;2/7/2013;0
MMS01;3/7/2013;0
MMS01;4/7/2013;0
MMS01;5/7/2013;0
MMS01;6/7/2013;0
MMS01;7/7/2013;0
MMS01;8/7/2013;0
MMS01;9/7/2013;0
MMS01;23/7/2013;0
MMS01;24/7/2013;0
MMS01;25/7/2013;0
MMS01;26/7/2013;0
MMS01;27/7/2013;0
MMS01;28/7/2013;0
MMS01;29/7/2013;0
MMS01;30/7/2013;0
MMS01;1/8/2013;0
MMS01;2/8/2013;0
MMS01;3/8/2013;0
MMS01;4/8/2013;0
MMS01;5/8/2013;0
MMS01;6/8/2013;0
MMS01;7/8/2013;0
MMS01;8/8/2013;0
MMS01;9/8/2013;0
MMS01;10/8/2013;0
MMS01;11/8/2013;0
MMS01;12/8/2013;0
MMS01;13/8/2013;0
MMS01;14/8/2013;0
MMS01;15/8/2013;0
MMS01;16/8/2013;0
MMS01;17/8/2013;0
MMS01;18/8/2013;0
MMS01;19/8/2013;0
MMS01;20/8/2013;0
MMS01;21/8/2013;0
MMS01;22/8/2013;0
MMS01;23/8/2013;0
MMS01;24/8/2013;0
MMS01;25/8/2013;0
MMS01;26/8/2013;0
MMS01;27/8/2013;0
MMS01;28/8/2013;5,6
MMS01;29/8/2013;0
MMS01;30/8/2013;0
MMS01;31/8/2013;19,6
MMS01;1/9/2013;0
MMS01;2/9/2013;0
MMS01;3/9/2013;0
MMS01;4/9/2013;0
MMS01;5/9/2013;0
MMS01;6/9/2013;0
MMS01;7/9/2013;0
MMS01;8/9/2013;0
MMS01;9/9/2013;0
MMS01;10/9/2013;0
MMS01;11/9/2013;0
MMS01;12/9/2013;0
MMS01;13/9/2013;4,2
MMS01;14/9/2013;0
MMS01;15/9/2013;0
MMS01;16/9/2013;3,2
MMS01;17/9/2013;0
MMS01;18/9/2013;0
MMS01;19/9/2013;0
MMS01;20/9/2013;0
MMS01;21/9/2013;0
MMS01;22/9/2013;0
MMS01;23/9/2013;0
MMS01;24/9/2013;0
MMS01;25/9/2013;0
MMS01;26/9/2013;0
MMS01;27/9/2013;0
MMS01;28/9/2013;2,4
MMS01;29/9/2013;0
MMS01;30/9/2013;3,8
MMS01;1/10/2013;0
MMS01;2/10/2013;18,8
MMS01;3/10/2013;7,2
MMS01;4/10/2013;0,2
MMS01;5/10/2013;0,4
MMS01;6/10/2013;0
MMS01;7/10/2013;0
MMS01;8/10/2013;0
MMS01;9/10/2013;0
MMS01;10/10/2013;0
MMS01;11/10/2013;2,4
MMS01;12/10/2013;0,2
MMS01;13/10/2013;0
MMS01;14/10/2013;0
MMS01;15/10/2013;0
MMS01;16/10/2013;0
MMS01;17/10/2013;0,6
MMS01;18/10/2013;0
MMS01;19/10/2013;0
MMS01;20/10/2013;0
MMS01;21/10/2013;0
MMS01;22/10/2013;0
MMS01;23/10/2013;0
MMS01;24/10/2013;0
MMS01;25/10/2013;0
MMS01;26/10/2013;0
MMS01;27/10/2013;0
MMS01;28/10/2013;0
MMS01;29/10/2013;0
MMS01;30/10/2013;0
MMS01;31/10/2013;0
MMS01;1/11/2013;0
MMS01;2/11/2013;0
MMS01;3/11/2013;0
MMS01;4/11/2013;0
MMS01;5/11/2013;0
MMS01;6/11/2013;10,6
MMS01;7/11/2013;0
MMS01;8/11/2013;0
MMS01;9/11/2013;0
MMS01;10/11/2013;0
MMS01;11/11/2013;4
MMS01;12/11/2013;0,8
MMS01;13/11/2013;0
MMS01;14/11/2013;8
MMS01;15/11/2013;0,8
MMS01;1/1/2014;1,6
MMS01;2/1/2014;0,2
MMS01;3/1/2014;0,2
MMS01;4/1/2014;0
MMS01;5/1/2014;0
MMS01;6/1/2014;1,8
MMS01;7/1/2014;2,2
MMS01;8/1/2014;0,2
MMS01;9/1/2014;0,4
MMS01;10/1/2014;0
MMS01;11/1/2014;0
MMS01;12/1/2014;0,2
MMS01;13/1/2014;0
MMS01;14/1/2014;0
MMS01;15/1/2014;2,8
MMS01;16/1/2014;0,6
MMS01;17/1/2014;0
MMS01;18/1/2014;0
MMS01;19/1/2014;0
MMS01;20/1/2014;0
MMS01;21/1/2014;0,2
MMS01;22/1/2014;0
MMS01;23/1/2014;0
MMS01;24/1/2014;13,4
MMS01;25/1/2014;24
MMS01;26/1/2014;13,6
MMS01;27/1/2014;0,2
MMS01;28/1/2014;16
MMS01;29/1/2014;1,2
MMS01;30/1/2014;0
MMS01;31/1/2014;0
MMS01;1/2/2014;0
MMS01;2/2/2014;0
MMS01;3/2/2014;0
MMS01;4/2/2014;0
MMS01;5/2/2014;0
MMS01;6/2/2014;0,4
MMS01;7/2/2014;0
MMS01;8/2/2014;0
MMS01;9/2/2014;0
MMS01;10/2/2014;0
MMS01;11/2/2014;0
MMS01;12/2/2014;5
MMS01;13/2/2014;0
MMS01;14/2/2014;0
MMS01;15/2/2014;0
MMS01;16/2/2014;0
MMS01;17/2/2014;0,2
MMS01;18/2/2014;0,2
MMS01;19/2/2014;0
MMS01;20/2/2014;0
MMS01;21/2/2014;0
MMS01;22/2/2014;2,4
MMS01;23/2/2014;10
MMS01;24/2/2014;0,2
MMS01;25/2/2014;0,8
MMS01;26/2/2014;0
MMS01;27/2/2014;0
MMS01;28/2/2014;13,8
MMS01;1/3/2014;3
MMS01;2/3/2014;50
MMS01;3/3/2014;37,4
MMS01;4/3/2014;1,6
MMS01;5/3/2014;7
MMS01;6/3/2014;0,8
MMS01;7/3/2014;12,2
MMS01;8/3/2014;0,2
MMS01;9/3/2014;0
MMS01;10/3/2014;11,6
MMS01;11/3/2014;0,8
MMS01;12/3/2014;0
MMS01;13/3/2014;0
MMS01;14/3/2014;0
MMS01;15/3/2014;0
MMS01;16/3/2014;0
MMS01;17/3/2014;0
MMS01;18/3/2014;0
MMS01;19/3/2014;0
MMS01;20/3/2014;0
MMS01;21/3/2014;0
MMS01;22/3/2014;0
MMS01;23/3/2014;0
MMS01;24/3/2014;0
MMS01;25/3/2014;0
MMS01;26/3/2014;2
MMS01;27/3/2014;0,4
MMS01;28/3/2014;0
MMS01;29/3/2014;0
MMS01;30/3/2014;0
MMS01;31/3/2014;0
MMS01;1/4/2014;0
MMS01;2/4/2014;0
MMS01;3/4/2014;0
MMS01;4/4/2014;0
MMS01;5/4/2014;0
MMS01;6/4/2014;0,4
MMS01;7/4/2014;0,6
MMS01;8/4/2014;0,4
MMS01;9/4/2014;0
MMS01;10/4/2014;2
MMS01;11/4/2014;0,8
MMS01;12/4/2014;0
MMS01;13/4/2014;0
MMS01;14/4/2014;0
MMS01;15/4/2014;0
MMS01;16/4/2014;2
MMS01;17/4/2014;40,6
MMS01;18/4/2014;6,4
MMS01;19/4/2014;0
MMS01;20/4/2014;7,8
MMS01;21/4/2014;0,4
MMS01;22/4/2014;0
MMS01;23/4/2014;0
MMS01;24/4/2014;0
MMS01;25/4/2014;13,4
MMS01;26/4/2014;1,2
MMS01;27/4/2014;0,2
MMS01;28/4/2014;0,4
MMS01;29/4/2014;0,6
MMS01;30/4/2014;0
MMS01;1/5/2014;1,8
MMS01;2/5/2014;0
MMS01;3/5/2014;0
MMS01;4/5/2014;0
MMS01;5/5/2014;5
MMS01;6/5/2014;14
MMS01;7/5/2014;0,4
MMS01;8/5/2014;0
MMS01;9/5/2014;0,8
MMS01;10/5/2014;0,4
MMS01;11/5/2014;0
MMS01;12/5/2014;0
MMS01;13/5/2014;0
MMS01;14/5/2014;0
MMS01;15/5/2014;0
MMS01;16/5/2014;0,6
MMS01;17/5/2014;1,6
MMS01;18/5/2014;0
MMS01;19/5/2014;0
MMS01;20/5/2014;0
MMS01;21/5/2014;0
MMS01;22/5/2014;0
MMS01;23/5/2014;0
MMS01;24/5/2014;0
MMS01;25/5/2014;0
MMS01;26/5/2014;1,4
MMS01;27/5/2014;0
MMS01;28/5/2014;0
MMS01;29/5/2014;2,8
MMS01;30/5/2014;0
MMS01;31/5/2014;0
MMS01;1/6/2014;0
MMS01;2/6/2014;1,2
MMS01;3/6/2014;5,2
MMS01;4/6/2014;14,2
MMS01;5/6/2014;0
MMS01;6/6/2014;0
MMS01;7/6/2014;0
MMS01;8/6/2014;0,8
MMS01;9/6/2014;0,2
MMS01;10/6/2014;0
MMS01;11/6/2014;0
MMS01;12/6/2014;0,4
MMS01;13/6/2014;0
MMS01;14/6/2014;0
MMS01;15/6/2014;0,2
MMS01;16/6/2014;0
MMS01;17/6/2014;0
MMS01;18/6/2014;0
MMS01;19/6/2014;13,2
MMS01;20/6/2014;0
MMS01;21/6/2014;0
MMS01;22/6/2014;0
MMS01;23/6/2014;0
MMS01;24/6/2014;0
MMS01;25/6/2014;0
MMS01;26/6/2014;0
MMS01;27/6/2014;0,6
MMS01;28/6/2014;0,8
MMS01;29/6/2014;0
MMS01;30/6/2014;0
MMS01;1/7/2014;0
MMS01;2/7/2014;0
MMS01;3/7/2014;0
MMS01;4/7/2014;0
MMS01;5/7/2014;0
MMS01;6/7/2014;0
MMS01;7/7/2014;0
MMS01;8/7/2014;0
MMS01;9/7/2014;0
MMS01;10/7/2014;0
MMS01;11/7/2014;0
MMS01;12/7/2014;0
MMS01;13/7/2014;0
MMS01;14/7/2014;0
MMS01;15/7/2014;2,8
MMS01;16/7/2014;0
MMS01;17/7/2014;0
MMS01;18/7/2014;0
MMS01;19/7/2014;0
MMS01;20/7/2014;0
MMS01;21/7/2014;0
MMS01;22/7/2014;0
MMS01;23/7/2014;0
MMS01;24/7/2014;0
MMS01;25/7/2014;0
MMS01;26/7/2014;0
MMS01;27/7/2014;0
MMS01;28/7/2014;0
MMS01;29/7/2014;0
MMS01;30/7/2014;0
MMS01;31/7/2014;0
MMS01;1/8/2014;0
MMS01;2/8/2014;0
MMS01;3/8/2014;0
MMS01;4/8/2014;0
MMS01;5/8/2014;0
MMS01;6/8/2014;27,4
MMS01;7/8/2014;8,6
MMS01;8/8/2014;0
MMS01;9/8/2014;0
MMS01;10/8/2014;0
MMS01;11/8/2014;0
MMS01;12/8/2014;0
MMS01;13/8/2014;0
MMS01;14/8/2014;0
MMS01;15/8/2014;0
MMS01;16/8/2014;0
MMS01;17/8/2014;5,4
MMS01;18/8/2014;0
MMS01;19/8/2014;0
MMS01;20/8/2014;0
MMS01;21/8/2014;0
MMS01;22/8/2014;0
MMS01;23/8/2014;0
MMS01;24/8/2014;0
MMS01;25/8/2014;0
MMS01;26/8/2014;1
MMS01;27/8/2014;0
MMS01;28/8/2014;0
MMS01;29/8/2014;0
MMS01;1/9/2014;0
MMS01;2/9/2014;13,2
MMS01;3/9/2014;22,8
MMS01;4/9/2014;0
MMS01;5/9/2014;7,8
MMS01;6/9/2014;0,8
MMS01;7/9/2014;63,8
MMS01;8/9/2014;0,2
MMS01;9/9/2014;0,2
MMS01;10/9/2014;0
MMS01;11/9/2014;0
MMS01;12/9/2014;0
MMS01;18/9/2014;0
MMS01;19/9/2014;0
MMS01;20/9/2014;0
MMS01;21/9/2014;0
MMS01;22/9/2014;0
MMS01;23/9/2014;0
MMS01;24/9/2014;0
MMS01;25/9/2014;0
MMS01;26/9/2014;18,2
MMS01;27/9/2014;0,4
MMS01;28/9/2014;0
MMS01;29/9/2014;0
MMS01;30/9/2014;0
MMS01;1/10/2014;0
MMS01;2/10/2014;0
MMS01;3/10/2014;0
MMS01;4/10/2014;0
MMS01;5/10/2014;0
MMS01;6/10/2014;2,2
MMS01;7/10/2014;19,2
MMS01;8/10/2014;4,2
MMS01;9/10/2014;0
MMS01;10/10/2014;0
MMS01;11/10/2014;0
MMS01;12/10/2014;0
MMS01;13/10/2014;0
MMS01;14/10/2014;0
MMS01;15/10/2014;0
MMS01;16/10/2014;0
MMS01;17/10/2014;0
MMS01;18/10/2014;0
MMS01;19/10/2014;0
MMS01;20/10/2014;0
MMS01;21/10/2014;0
MMS01;22/10/2014;0
MMS01;23/10/2014;4,6
MMS01;24/10/2014;80,6
MMS01;25/10/2014;38,4
MMS01;26/10/2014;0,4
MMS01;27/10/2014;0
MMS01;28/10/2014;0
MMS01;29/10/2014;0
MMS01;30/10/2014;6,6
MMS01;31/10/2014;8,8
MMS01;1/11/2014;0,2
MMS01;2/11/2014;0
MMS01;3/11/2014;0
MMS01;4/11/2014;0
MMS01;5/11/2014;0
MMS01;6/11/2014;0
MMS01;7/11/2014;0
MMS01;8/11/2014;28,8
MMS01;9/11/2014;12,6
MMS01;10/11/2014;0,2
MMS01;11/11/2014;0
MMS01;12/11/2014;0,2
MMS01;13/11/2014;42,4
MMS01;14/11/2014;6,6
MMS01;15/11/2014;0
MMS01;16/11/2014;0
MMS01;17/11/2014;1,2
MMS01;18/11/2014;0
MMS01;19/11/2014;2
MMS01;20/11/2014;0
MMS01;21/11/2014;0
MMS01;22/11/2014;0
MMS01;23/11/2014;6,6
MMS01;24/11/2014;1,2
MMS01;25/11/2014;0,2
MMS01;26/11/2014;0,4
MMS01;27/11/2014;0,2
MMS01;28/11/2014;1
MMS01;29/11/2014;0,2
MMS01;30/11/2014;2,4
MMS01;1/12/2014;4,2
MMS01;2/12/2014;6,4
MMS01;3/12/2014;14,2
MMS01;4/12/2014;2,6
MMS01;5/12/2014;4,8
MMS01;6/12/2014;44,8
MMS01;7/12/2014;57,8
MMS01;8/12/2014;58,2
MMS01;9/12/2014;33
MMS01;10/12/2014;4,6
MMS01;11/12/2014;3,6
MMS01;12/12/2014;0
MMS01;13/12/2014;0
MMS01;14/12/2014;0,2
MMS01;15/12/2014;0
MMS01;16/12/2014;0,2
MMS01;17/12/2014;23,6
MMS01;18/12/2014;0,2
MMS01;19/12/2014;0,4
MMS01;20/12/2014;0,2
MMS01;21/12/2014;0,2
MMS01;22/12/2014;0
MMS01;23/12/2014;0
MMS01;24/12/2014;0,2
MMS01;25/12/2014;0
MMS01;26/12/2014;3,2
MMS01;27/12/2014;2,8
MMS01;28/12/2014;1,4
MMS01;29/12/2014;1
MMS01;30/12/2014;0
MMS01;31/12/2014;0,2
MMS01;1/1/2015;0
MMS01;2/1/2015;0
MMS01;3/1/2015;0
MMS01;4/1/2015;0,2
MMS01;5/1/2015;0
MMS01;6/1/2015;0
MMS01;7/1/2015;0
MMS01;24/1/2015;0,6
MMS01;25/1/2015;7,4
MMS01;26/1/2015;6,4
MMS01;27/1/2015;0,6
MMS01;28/1/2015;0,4
MMS01;29/1/2015;0,6
MMS01;30/1/2015;0
MMS01;31/1/2015;8,2
MMS01;1/2/2015;0
MMS01;2/2/2015;0
MMS01;3/2/2015;0
MMS01;4/2/2015;0
MMS01;5/2/2015;0
MMS01;6/2/2015;13,6
MMS01;7/2/2015;0
MMS01;8/2/2015;3,2
MMS01;9/2/2015;2,8
MMS01;10/2/2015;0
MMS01;11/2/2015;0
MMS01;12/2/2015;0
MMS01;13/2/2015;0
MMS01;14/2/2015;0
MMS01;15/2/2015;0
MMS01;16/2/2015;1
MMS01;17/2/2015;1,2
MMS01;18/2/2015;0
MMS01;19/2/2015;0
MMS01;20/2/2015;0
MMS01;21/2/2015;0
MMS01;22/2/2015;16,4
MMS01;23/2/2015;7,4
MMS01;24/2/2015;9
MMS01;25/2/2015;12
MMS01;26/2/2015;4
MMS01;27/2/2015;13,4
MMS01;28/2/2015;2
MMS01;1/3/2015;0
MMS01;2/3/2015;0
MMS01;3/3/2015;0,2
MMS01;4/3/2015;0
MMS01;5/3/2015;1
MMS01;6/3/2015;28,6
MMS01;7/3/2015;42,8
MMS01;8/3/2015;20
MMS01;9/3/2015;0
MMS01;10/3/2015;0
MMS01;11/3/2015;9,4
MMS01;12/3/2015;10,2
MMS01;13/3/2015;1,8
MMS01;14/3/2015;0,4
MMS01;15/3/2015;0
MMS01;16/3/2015;0
MMS01;17/3/2015;0
MMS01;18/3/2015;0
MMS01;19/3/2015;1,8
MMS01;20/3/2015;10,2
MMS01;21/3/2015;0,2
MMS01;22/3/2015;0
MMS01;23/3/2015;6,2
MMS01;24/3/2015;0
MMS01;25/3/2015;1,6
MMS01;26/3/2015;19
MMS01;27/3/2015;36,6
MMS01;28/3/2015;0
MMS01;29/3/2015;0
MMS01;30/3/2015;2
MMS01;31/3/2015;0,4
MMS01;1/4/2015;0
MMS01;2/4/2015;0
MMS01;3/4/2015;0
MMS01;4/4/2015;0
MMS01;5/4/2015;1
MMS01;6/4/2015;2,8
MMS01;7/4/2015;10,2
MMS01;8/4/2015;1,4
MMS01;9/4/2015;0
MMS01;10/4/2015;0
MMS01;11/4/2015;0
MMS01;12/4/2015;0
MMS01;13/4/2015;0
MMS01;14/4/2015;0
MMS01;15/4/2015;0
MMS01;16/4/2015;0
MMS01;17/4/2015;0
MMS01;18/4/2015;0
MMS01;19/4/2015;5,2
MMS01;20/4/2015;0
MMS01;21/4/2015;0
MMS01;22/4/2015;0,6
MMS01;23/4/2015;0
MMS01;24/4/2015;0
MMS01;25/4/2015;0
MMS01;28/4/2015;0
MMS01;29/4/2015;0
MMS01;30/4/2015;0
MMS01;1/5/2015;0
MMS01;2/5/2015;0,6
MMS01;3/5/2015;0
MMS01;4/5/2015;0
MMS01;5/5/2015;0
MMS01;6/5/2015;0
MMS01;7/5/2015;2,6
MMS01;8/5/2015;0
MMS01;9/5/2015;0
MMS01;10/5/2015;0
MMS01;11/5/2015;6,4
MMS01;12/5/2015;0
MMS01;13/5/2015;0
MMS01;14/5/2015;0
MMS01;15/5/2015;0
MMS01;16/5/2015;0
MMS01;17/5/2015;0
MMS01;18/5/2015;0
MMS01;19/5/2015;0
MMS01;20/5/2015;2,4
MMS01;21/5/2015;0
MMS01;22/5/2015;0
MMS01;23/5/2015;0
MMS01;24/5/2015;0
MMS01;25/5/2015;5,6
MMS01;26/5/2015;0
MMS01;27/5/2015;0
MMS01;28/5/2015;8
MMS01;29/5/2015;0,8
MMS01;30/5/2015;0
MMS01;31/5/2015;0
MMS01;1/6/2015;0
MMS01;2/6/2015;0
MMS01;3/6/2015;0
MMS01;4/6/2015;2,6
MMS01;5/6/2015;0,2
MMS01;6/6/2015;0,2
MMS01;7/6/2015;4,6
MMS01;8/6/2015;0,4
MMS01;9/6/2015;0
MMS01;10/6/2015;0,6
MMS01;11/6/2015;0,2
MMS01;12/6/2015;0
MMS01;13/6/2015;0
MMS01;14/6/2015;0
MMS01;15/6/2015;0
MMS01;16/6/2015;0
MMS01;17/6/2015;13
MMS01;18/6/2015;8
MMS01;19/6/2015;2
MMS01;20/6/2015;2,2
MMS01;21/6/2015;7,2
MMS01;22/6/2015;2,8
MMS01;23/6/2015;0
MMS01;24/6/2015;0
MMS01;25/6/2015;0
MMS01;26/6/2015;0
MMS01;27/6/2015;0
MMS01;28/6/2015;1,2
MMS01;29/6/2015;0
MMS01;30/6/2015;0
MMS01;1/7/2015;0
MMS01;2/7/2015;0
MMS01;3/7/2015;0
MMS01;4/7/2015;0
MMS01;5/7/2015;0
MMS01;6/7/2015;0
MMS01;7/7/2015;0
MMS01;8/7/2015;0
MMS01;9/7/2015;0
MMS01;10/7/2015;2
MMS01;11/7/2015;0
MMS01;12/7/2015;0
MMS01;13/7/2015;0
MMS01;14/7/2015;0
MMS01;15/7/2015;0
MMS01;16/7/2015;0
MMS01;17/7/2015;0
MMS01;18/7/2015;0
MMS01;19/7/2015;0
MMS01;20/7/2015;0
MMS01;21/7/2015;0
MMS01;22/7/2015;0
MMS01;23/7/2015;0
MMS01;24/7/2015;0
MMS01;25/7/2015;0
MMS01;26/7/2015;0
MMS01;27/7/2015;0
MMS01;28/7/2015;0
MMS01;29/7/2015;0
MMS01;30/7/2015;0
MMS01;31/7/2015;0
MMS01;1/8/2015;0
MMS01;2/8/2015;0
MMS01;3/8/2015;0
MMS01;4/8/2015;0
MMS01;5/8/2015;5
MMS01;6/8/2015;0
MMS01;7/8/2015;0
MMS01;8/8/2015;0
MMS01;9/8/2015;0
MMS01;10/8/2015;0
MMS01;11/8/2015;0
MMS01;12/8/2015;0
MMS01;13/8/2015;0
MMS01;14/8/2015;0
MMS01;15/8/2015;0
MMS01;16/8/2015;0
MMS01;17/8/2015;0,8
MMS01;18/8/2015;0
MMS01;19/8/2015;0
MMS01;20/8/2015;0
MMS01;21/8/2015;0
MMS01;22/8/2015;11,2
MMS01;23/8/2015;0
MMS01;24/8/2015;0
MMS01;25/8/2015;0
MMS01;26/8/2015;0
MMS01;27/8/2015;0
MMS01;28/8/2015;0
MMS01;29/8/2015;0
MMS01;30/8/2015;0
MMS01;31/8/2015;0
MMS01;1/9/2015;0
MMS01;2/9/2015;0
MMS01;3/9/2015;0
MMS01;4/9/2015;0
MMS01;5/9/2015;0
MMS01;6/9/2015;0
MMS01;7/9/2015;0,2
MMS01;8/9/2015;0
MMS01;9/9/2015;0
MMS01;10/9/2015;1
MMS01;11/9/2015;0
MMS01;12/9/2015;0,2
MMS01;13/9/2015;0
MMS01;14/9/2015;0
MMS01;15/9/2015;0
MMS01;16/9/2015;0
MMS01;17/9/2015;0
MMS01;18/9/2015;0
MMS01;19/9/2015;0
MMS01;20/9/2015;0
MMS01;21/9/2015;1,4
MMS01;22/9/2015;0,2
MMS01;23/9/2015;0
MMS01;24/9/2015;0
MMS01;25/9/2015;0
MMS01;26/9/2015;32,4
MMS01;27/9/2015;5,6
MMS01;28/9/2015;0,2
MMS01;29/9/2015;16,8
MMS01;30/9/2015;0,4
MMS01;1/10/2015;0
MMS01;2/10/2015;0
MMS01;3/10/2015;0
MMS01;4/10/2015;0
MMS01;5/10/2015;0
MMS01;6/10/2015;0
MMS01;7/10/2015;5,8
MMS01;8/10/2015;9,2
MMS01;9/10/2015;0,8
MMS01;10/10/2015;3,8
MMS01;11/10/2015;16,2
MMS01;12/10/2015;0
MMS01;13/10/2015;0
MMS01;14/10/2015;0
MMS01;15/10/2015;0
MMS01;16/10/2015;0
MMS01;17/10/2015;0
MMS01;18/10/2015;0
MMS01;19/10/2015;1,2
MMS01;20/10/2015;0
MMS01;21/10/2015;7
MMS01;22/10/2015;47,4
MMS01;23/10/2015;2,6
MMS01;24/10/2015;4,6
MMS01;25/10/2015;0
MMS01;26/10/2015;0
MMS01;27/10/2015;0
MMS01;28/10/2015;0
MMS01;29/10/2015;0
MMS01;30/10/2015;0
MMS01;31/10/2015;0
MMS01;1/12/2015;0
MMS01;2/12/2015;0
MMS01;3/12/2015;0
MMS01;4/12/2015;0
MMS01;5/12/2015;0
MMS01;6/12/2015;0
MMS01;7/12/2015;0
MMS01;8/12/2015;0
MMS01;9/12/2015;0
MMS01;10/12/2015;0
MMS01;11/12/2015;0
MMS01;12/12/2015;0
MMS01;13/12/2015;0
MMS01;14/12/2015;0
MMS01;15/12/2015;0
MMS01;16/12/2015;0
MMS01;17/12/2015;0
MMS01;18/12/2015;0
MMS01;19/12/2015;0
MMS01;20/12/2015;0
MMS01;21/12/2015;0
MMS01;22/12/2015;0
MMS01;1/1/2016;0
MMS01;2/1/2016;0
MMS01;3/1/2016;14,6
MMS01;4/1/2016;3,4
MMS01;5/1/2016;1,6
MMS01;6/1/2016;2
MMS01;7/1/2016;3,8
MMS01;8/1/2016;0
MMS01;9/1/2016;0
MMS01;10/1/2016;0
MMS01;11/1/2016;0
MMS01;12/1/2016;0
MMS01;13/1/2016;0
MMS01;14/1/2016;0
MMS01;15/1/2016;0
MMS01;16/1/2016;18
MMS01;17/1/2016;2,6
MMS01;18/1/2016;2,6
MMS01;19/1/2016;0
MMS01;20/1/2016;0,8
MMS01;21/1/2016;0
MMS01;22/1/2016;1,6
MMS01;23/1/2016;0
MMS01;24/1/2016;0
MMS01;25/1/2016;0
MMS01;26/1/2016;0
MMS01;27/1/2016;0
MMS01;28/1/2016;0
MMS01;29/1/2016;0,2
MMS01;30/1/2016;0
MMS01;31/1/2016;0
MMS01;1/2/2016;0
MMS01;2/2/2016;0
MMS01;3/2/2016;0
MMS01;4/2/2016;1,2
MMS01;5/2/2016;16,6
MMS01;6/2/2016;0
MMS01;7/2/2016;0
MMS01;8/2/2016;0
MMS01;9/2/2016;0
MMS01;10/2/2016;0
MMS01;11/2/2016;0
MMS01;12/2/2016;3,6
MMS01;13/2/2016;5
MMS01;14/2/2016;0,2
MMS01;15/2/2016;0
MMS01;16/2/2016;0
MMS01;17/2/2016;0
MMS01;18/2/2016;1,4
MMS01;19/2/2016;0,6
MMS01;20/2/2016;4,8
MMS01;21/2/2016;0,2
MMS01;22/2/2016;0
MMS01;23/2/2016;0
MMS01;24/2/2016;0,6
MMS01;25/2/2016;0
MMS01;26/2/2016;0,4
MMS01;27/2/2016;3
MMS01;28/2/2016;0
MMS01;29/2/2016;0
MMS01;1/3/2016;0
MMS01;2/3/2016;0
MMS01;3/3/2016;2,2
MMS01;4/3/2016;0,2
MMS01;5/3/2016;0
MMS01;6/3/2016;0
MMS01;7/3/2016;0
MMS01;8/3/2016;0
MMS01;9/3/2016;5,4
MMS01;10/3/2016;16,4
MMS01;11/3/2016;0,2
MMS01;12/3/2016;12,2
MMS01;13/3/2016;5,4
MMS01;14/3/2016;7,6
MMS01;15/3/2016;0
MMS01;16/3/2016;0
MMS01;17/3/2016;0
MMS01;18/3/2016;0
MMS01;19/3/2016;0
MMS01;20/3/2016;0
MMS01;21/3/2016;0
MMS01;22/3/2016;0
MMS01;23/3/2016;0
MMS01;9/5/2016;0
MMS01;10/5/2016;2
MMS01;11/5/2016;0,2
MMS01;12/5/2016;0
MMS01;13/5/2016;7,8
MMS01;14/5/2016;0
MMS01;15/5/2016;0
MMS01;16/5/2016;0
MMS01;17/5/2016;3,2
MMS01;18/5/2016;0
MMS01;19/5/2016;0
MMS01;20/5/2016;5,4
MMS01;21/5/2016;43
MMS01;22/5/2016;0
MMS01;23/5/2016;0
MMS01;24/5/2016;0
MMS01;25/5/2016;0
MMS01;26/5/2016;0,2
MMS01;27/5/2016;0
MMS01;28/5/2016;0
MMS01;29/5/2016;0
MMS01;30/5/2016;0
MMS01;31/5/2016;0
MMS01;1/6/2016;0
MMS01;2/6/2016;0
MMS01;3/6/2016;0
MMS01;4/6/2016;1,6
MMS01;5/6/2016;0
MMS01;6/6/2016;0
MMS01;7/6/2016;4,4
MMS01;8/6/2016;6,4
MMS01;9/6/2016;0
MMS01;10/6/2016;0
MMS01;11/6/2016;0
MMS01;12/6/2016;0
MMS01;13/6/2016;10
MMS01;14/6/2016;0
MMS01;15/6/2016;0
MMS01;16/6/2016;0
MMS01;17/6/2016;0
MMS01;18/6/2016;0
MMS01;19/6/2016;0
MMS01;20/6/2016;0
MMS01;21/6/2016;0
MMS01;22/6/2016;0
MMS01;23/6/2016;0
MMS01;24/6/2016;0
MMS01;25/6/2016;0
MMS01;26/6/2016;0
MMS01;27/6/2016;0
MMS01;28/6/2016;9,2
MMS01;29/6/2016;0
MMS01;30/6/2016;0
MMS01;1/7/2016;0
MMS01;2/7/2016;0
MMS01;3/7/2016;0
MMS01;4/7/2016;0
MMS01;5/7/2016;0
MMS01;6/7/2016;0
MMS01;7/7/2016;1,2
MMS01;8/7/2016;0
MMS01;9/7/2016;0
MMS01;10/7/2016;0
MMS01;11/7/2016;0
MMS01;12/7/2016;0
MMS01;13/7/2016;0
MMS01;14/7/2016;0
MMS01;15/7/2016;0
MMS01;16/7/2016;0
MMS01;17/7/2016;0
MMS01;18/7/2016;0
MMS01;19/7/2016;0
MMS01;20/7/2016;2
MMS01;21/7/2016;0
MMS01;22/7/2016;0
MMS01;23/7/2016;0
MMS01;24/7/2016;0
MMS01;25/7/2016;0
MMS01;26/7/2016;0
MMS01;27/7/2016;0
MMS01;28/7/2016;0
MMS01;29/7/2016;0
MMS01;30/7/2016;0
MMS01;31/7/2016;0
MMS01;1/8/2016;0
MMS01;2/8/2016;0
MMS01;3/8/2016;0
MMS01;4/8/2016;0,2
MMS01;5/8/2016;0
MMS01;6/8/2016;0
MMS01;7/8/2016;0
MMS01;8/8/2016;0
MMS01;9/8/2016;0
MMS01;10/8/2016;0
MMS01;11/8/2016;0
MMS01;12/8/2016;0
MMS01;13/8/2016;10,6
MMS01;14/8/2016;0
MMS01;15/8/2016;0
MMS01;16/8/2016;0
MMS01;17/8/2016;0
MMS01;18/8/2016;0
MMS01;19/8/2016;0
MMS01;20/8/2016;0
MMS01;21/8/2016;0
MMS01;22/8/2016;0
MMS01;23/8/2016;0
MMS01;24/8/2016;0
MMS01;25/8/2016;0
MMS01;26/8/2016;0
MMS01;27/8/2016;0
MMS01;28/8/2016;0
MMS01;29/8/2016;0
MMS01;30/8/2016;0
MMS01;31/8/2016;0
MMS01;1/9/2016;0
MMS01;2/9/2016;0
MMS01;3/9/2016;0
MMS01;4/9/2016;0
MMS01;5/9/2016;0
MMS01;6/9/2016;0
MMS01;7/9/2016;0,4
MMS01;8/9/2016;0,2
MMS01;9/9/2016;0
MMS01;10/9/2016;0
MMS01;11/9/2016;0
MMS01;12/9/2016;0
MMS01;13/9/2016;0
MMS01;14/9/2016;0
MMS01;15/9/2016;0
MMS01;16/9/2016;0
MMS01;17/9/2016;0
MMS01;18/9/2016;0
MMS01;19/9/2016;6,4
MMS01;20/9/2016;0
MMS01;21/9/2016;2,8
MMS01;22/9/2016;7,8
MMS01;23/9/2016;0
MMS01;24/9/2016;0
MMS01;25/9/2016;0
MMS01;26/9/2016;0
MMS01;27/9/2016;0
MMS01;28/9/2016;0
MMS01;29/9/2016;0
MMS01;30/9/2016;0
MMS01;1/10/2016;0
MMS01;2/10/2016;0
MMS01;3/10/2016;0
MMS01;4/10/2016;0
MMS01;5/10/2016;0
MMS01;6/10/2016;3,6
MMS01;7/10/2016;3,2
MMS01;8/10/2016;0
MMS01;9/10/2016;0
MMS01;10/10/2016;22,8
MMS01;11/10/2016;2,8
MMS01;12/10/2016;0,2
MMS01;13/10/2016;0
MMS01;14/10/2016;0
MMS01;15/10/2016;0
MMS01;16/10/2016;0
MMS01;17/10/2016;2
MMS01;18/10/2016;0
MMS01;19/10/2016;0
MMS01;20/10/2016;0
MMS01;21/10/2016;0
MMS01;22/10/2016;4
MMS01;23/10/2016;0
MMS01;24/10/2016;0
MMS01;25/10/2016;0
MMS01;26/10/2016;0
MMS01;27/10/2016;0
MMS01;28/10/2016;0
MMS01;29/10/2016;0
MMS01;30/10/2016;0
MMS01;31/10/2016;0
MMS01;1/11/2016;0
MMS01;2/11/2016;0
MMS01;3/11/2016;0
MMS01;4/11/2016;0,8
MMS01;5/11/2016;0,6
MMS01;6/11/2016;0
MMS01;7/11/2016;0
MMS01;8/11/2016;0,6
MMS01;9/11/2016;3
MMS01;10/11/2016;0
MMS01;11/11/2016;0
MMS01;12/11/2016;0,2
MMS01;13/11/2016;0
MMS01;14/11/2016;0
MMS01;15/11/2016;0
MMS01;16/11/2016;0
MMS01;17/11/2016;0
MMS01;18/11/2016;0
MMS01;19/11/2016;0
MMS01;20/11/2016;0
MMS01;21/11/2016;0
MMS01;22/11/2016;0
MMS01;23/11/2016;0
MMS01;24/11/2016;0
MMS01;25/11/2016;0
MMS01;26/11/2016;0,6
MMS01;27/11/2016;2,4
MMS01;28/11/2016;15,4
MMS01;29/11/2016;15,8
MMS01;30/11/2016;6,6
MMS01;1/12/2016;0
MMS01;2/12/2016;0
MMS01;3/12/2016;0
MMS01;4/12/2016;0
MMS01;5/12/2016;0
MMS01;6/12/2016;0
MMS01;7/12/2016;0
MMS01;8/12/2016;0
MMS01;9/12/2016;0
MMS01;10/12/2016;0
MMS01;11/12/2016;0
MMS01;12/12/2016;0
MMS01;13/12/2016;4
MMS01;14/12/2016;0
MMS01;15/12/2016;5,4
MMS01;16/12/2016;1,6
MMS01;17/12/2016;0
MMS01;18/12/2016;0
MMS01;19/12/2016;0
MMS01;20/12/2016;0
MMS01;21/12/2016;0
MMS01;22/12/2016;0
MMS01;23/12/2016;0
MMS01;24/12/2016;0
MMS01;25/12/2016;0
MMS01;26/12/2016;0,4
MMS01;27/12/2016;0
MMS01;28/12/2016;3
MMS01;29/12/2016;0
MMS01;30/12/2016;0
MMS01;31/12/2016;0
MMS01;1/1/2017;0
MMS01;2/1/2017;0
MMS01;3/1/2017;0
MMS01;4/1/2017;0
MMS01;5/1/2017;0,6
MMS01;6/1/2017;0,2
MMS01;7/1/2017;0
MMS01;8/1/2017;0
MMS01;9/1/2017;0
MMS01;10/1/2017;0
MMS01;11/1/2017;1
MMS01;12/1/2017;0,8
MMS01;18/1/2017;8,2
MMS01;19/1/2017;37,8
MMS01;20/1/2017;0,2
MMS01;21/1/2017;0
MMS01;22/1/2017;0
MMS01;23/1/2017;0
MMS01;24/1/2017;0,6
MMS01;25/1/2017;3,4
MMS01;26/1/2017;2
MMS01;27/1/2017;0
MMS01;28/1/2017;0
MMS01;29/1/2017;0
MMS01;30/1/2017;0
MMS01;31/1/2017;0
MMS01;1/2/2017;0
MMS01;2/2/2017;0
MMS01;3/2/2017;0
MMS01;4/2/2017;0
MMS01;5/2/2017;0
MMS01;6/2/2017;0
MMS01;7/2/2017;18
MMS01;8/2/2017;11,2
MMS01;9/2/2017;2,6
MMS01;10/2/2017;0
MMS01;11/2/2017;0
MMS01;12/2/2017;0
MMS01;13/2/2017;0
MMS01;14/2/2017;0
MMS01;15/2/2017;0
MMS01;16/2/2017;0
MMS01;17/2/2017;0
MMS01;18/2/2017;0
MMS01;19/2/2017;11,8
MMS01;20/2/2017;0,2
MMS01;21/2/2017;0
MMS01;22/2/2017;0
MMS01;23/2/2017;0
MMS01;24/2/2017;0
MMS01;25/2/2017;1
MMS01;26/2/2017;3,4
MMS01;27/2/2017;0,4
MMS01;28/2/2017;0
MMS01;1/3/2017;4,2
MMS01;2/3/2017;0
MMS01;3/3/2017;0
MMS01;4/3/2017;0
MMS01;5/3/2017;0
MMS01;6/3/2017;0
MMS01;7/3/2017;0,4
MMS01;8/3/2017;7,4
MMS01;9/3/2017;6,8
MMS01;10/3/2017;4,2
MMS01;11/3/2017;2,8
MMS01;12/3/2017;5,4
MMS01;13/3/2017;18
MMS01;14/3/2017;0
MMS01;15/3/2017;2
MMS01;16/3/2017;0
MMS01;17/3/2017;0
MMS01;18/3/2017;0
MMS01;19/3/2017;0
MMS01;20/3/2017;0
MMS01;21/3/2017;0
MMS01;22/3/2017;0,2
MMS01;23/3/2017;0
MMS01;24/3/2017;0
MMS01;25/3/2017;0
MMS01;26/3/2017;0
MMS01;27/3/2017;6,2
MMS01;28/3/2017;0
MMS01;29/3/2017;0
MMS01;30/3/2017;0
MMS01;31/3/2017;1,6
MMS01;1/4/2017;0
MMS01;2/4/2017;0
MMS01;3/4/2017;0
MMS01;4/4/2017;0,2
MMS01;5/4/2017;8
MMS01;6/4/2017;0
MMS01;7/4/2017;0
MMS01;8/4/2017;0
MMS01;9/4/2017;0
MMS01;10/4/2017;0
MMS01;11/4/2017;0
MMS01;12/4/2017;0
MMS01;13/4/2017;0
MMS01;14/4/2017;0
MMS01;15/4/2017;0
MMS01;16/4/2017;0
MMS01;17/4/2017;4,4
MMS01;18/4/2017;1,6
MMS01;19/4/2017;0,6
MMS01;20/4/2017;0,4
MMS01;21/4/2017;0,2
MMS01;22/4/2017;0
MMS01;23/4/2017;0
MMS01;24/4/2017;0
MMS01;25/4/2017;0
MMS01;26/4/2017;0
MMS01;27/4/2017;0
MMS01;28/4/2017;0
MMS01;29/4/2017;0
MMS01;30/4/2017;0,4
MMS01;1/5/2017;0
MMS01;2/5/2017;0
MMS01;3/5/2017;0
MMS01;4/5/2017;0
MMS01;5/5/2017;0
MMS01;6/5/2017;0
MMS01;7/5/2017;0
MMS01;8/5/2017;0
MMS01;9/5/2017;0,8
MMS01;10/5/2017;0,8
MMS01;11/5/2017;0,6
MMS01;12/5/2017;0,4
MMS01;13/5/2017;0,4
MMS01;14/5/2017;0,2
MMS01;15/5/2017;0,2
MMS01;16/5/2017;0,2
MMS01;17/5/2017;0
MMS01;18/5/2017;0,2
MMS01;19/5/2017;0,2
MMS01;20/5/2017;0
MMS01;21/5/2017;0
MMS01;22/5/2017;0
MMS01;23/5/2017;1,6
MMS01;24/5/2017;0
MMS01;25/5/2017;0
MMS01;26/5/2017;19,2
MMS01;27/5/2017;5,2
MMS01;28/5/2017;1,6
MMS01;29/5/2017;0
MMS01;30/5/2017;0
MMS01;31/5/2017;0
MMS01;1/6/2017;0
MMS01;2/6/2017;0
MMS01;3/6/2017;0
MMS01;4/6/2017;0
MMS01;5/6/2017;0
MMS01;6/6/2017;0
MMS01;7/6/2017;0
MMS01;8/6/2017;0,2
MMS01;9/6/2017;0
MMS01;10/6/2017;0
MMS01;11/6/2017;1,8
MMS01;12/6/2017;0,4
MMS01;13/6/2017;0
MMS01;14/6/2017;0,2
MMS01;15/6/2017;0
MMS01;16/6/2017;0,2
MMS01;17/6/2017;0
MMS01;18/6/2017;0,2
MMS01;19/6/2017;0
MMS01;20/6/2017;0
MMS01;21/6/2017;0
MMS01;22/6/2017;0
MMS01;23/6/2017;0
MMS01;24/6/2017;0
MMS01;25/6/2017;0
MMS01;26/6/2017;0
MMS01;27/6/2017;0
MMS01;28/6/2017;0
MMS01;29/6/2017;0
MMS01;30/6/2017;0
MMS01;1/7/2017;0
MMS01;2/7/2017;0
MMS01;3/7/2017;0
MMS01;4/7/2017;0
MMS01;5/7/2017;0
MMS01;6/7/2017;0
MMS01;7/7/2017;0
MMS01;8/7/2017;0
MMS01;9/7/2017;0
MMS01;10/7/2017;0
MMS01;11/7/2017;0
MMS01;12/7/2017;0
MMS01;13/7/2017;0
MMS01;14/7/2017;0
MMS01;15/7/2017;3,2
MMS01;16/7/2017;6,9
MMS01;17/7/2017;52,4
MMS01;18/7/2017;0
MMS01;19/7/2017;0,2
MMS01;20/7/2017;0
MMS01;21/7/2017;0
MMS01;22/7/2017;0
MMS01;23/7/2017;0
MMS01;24/7/2017;0
MMS01;25/7/2017;0
MMS01;26/7/2017;0
MMS01;27/7/2017;31,4
MMS01;28/7/2017;0
MMS01;29/7/2017;0
MMS01;30/7/2017;0
MMS01;31/7/2017;0
MMS01;1/8/2017;0
MMS01;2/8/2017;0
MMS01;3/8/2017;0
MMS01;4/8/2017;0
MMS01;5/8/2017;0
MMS01;6/8/2017;0
MMS01;7/8/2017;0
MMS01;8/8/2017;0
MMS01;9/8/2017;0
MMS01;10/8/2017;0
MMS01;11/8/2017;0
MMS01;12/8/2017;0
MMS01;13/8/2017;0,4
MMS01;14/8/2017;0
MMS01;15/8/2017;0
MMS01;16/8/2017;0
MMS01;17/8/2017;0
MMS01;18/8/2017;0
MMS01;19/8/2017;0
MMS01;20/8/2017;0
MMS01;21/8/2017;0
MMS01;22/8/2017;0
MMS01;23/8/2017;0
MMS01;24/8/2017;0
MMS01;25/8/2017;0
MMS01;26/8/2017;0
MMS01;27/8/2017;0
MMS01;28/8/2017;0
MMS01;29/8/2017;0
MMS01;30/8/2017;0
MMS01;31/8/2017;0
MMS01;1/9/2017;0
MMS01;2/9/2017;0
MMS01;3/9/2017;0
MMS01;4/9/2017;0
MMS01;5/9/2017;0,4
MMS01;6/9/2017;0
MMS01;7/9/2017;0
MMS01;8/9/2017;0
MMS01;9/9/2017;0,8
MMS01;10/9/2017;0
MMS01;11/9/2017;0
MMS01;12/9/2017;0
MMS01;13/9/2017;0
MMS01;14/9/2017;0
MMS01;15/9/2017;0
MMS01;16/9/2017;0
MMS01;17/9/2017;0
MMS01;18/9/2017;0
MMS01;19/9/2017;0
MMS01;20/9/2017;0
MMS01;21/9/2017;0
MMS01;22/9/2017;0
MMS01;23/9/2017;0
MMS01;24/9/2017;0
MMS01;25/9/2017;0,2
MMS01;26/9/2017;19,6
MMS01;27/9/2017;4,6
MMS01;28/9/2017;0
MMS01;29/9/2017;0
MMS01;30/9/2017;0,2
MMS01;1/10/2017;0
MMS01;2/10/2017;0
MMS01;3/10/2017;0
MMS01;4/10/2017;0
MMS01;5/10/2017;0
MMS01;6/10/2017;0
MMS01;7/10/2017;4,2
MMS01;8/10/2017;0
MMS01;9/10/2017;0
MMS01;10/10/2017;0
MMS01;11/10/2017;0
MMS01;12/10/2017;0
MMS01;13/10/2017;0
MMS01;14/10/2017;0
MMS01;15/10/2017;0
MMS01;16/10/2017;0
MMS01;17/10/2017;0
MMS01;18/10/2017;0
MMS01;19/10/2017;0
MMS01;20/10/2017;0
MMS01;21/10/2017;0
MMS01;22/10/2017;0
MMS01;23/10/2017;4,4
MMS01;24/10/2017;4,8
MMS01;25/10/2017;4,2
MMS01;26/10/2017;0
MMS01;27/10/2017;0
MMS01;28/10/2017;0,4
MMS01;29/10/2017;0
MMS01;30/10/2017;0
MMS01;31/10/2017;0
MMS01;1/11/2017;0
MMS01;2/11/2017;0
MMS01;3/11/2017;0
MMS01;4/11/2017;0
MMS01;5/11/2017;0
MMS01;6/11/2017;0
MMS01;7/11/2017;0
MMS01;8/11/2017;0,6
MMS01;9/11/2017;0
MMS01;10/11/2017;0
MMS01;11/11/2017;5
MMS01;12/11/2017;0,4
MMS01;13/11/2017;0
MMS01;14/11/2017;0
MMS01;15/11/2017;15,2
MMS01;16/11/2017;18,4
MMS01;17/11/2017;26,6
MMS01;18/11/2017;1
MMS01;19/11/2017;0
MMS01;20/11/2017;0
MMS01;21/11/2017;0
MMS01;22/11/2017;0
MMS01;23/11/2017;0
MMS01;24/11/2017;0
MMS01;25/11/2017;0
MMS01;26/11/2017;0
MMS01;27/11/2017;22,2
MMS01;28/11/2017;0
MMS01;29/11/2017;0
MMS01;30/11/2017;0
MMS01;1/12/2017;0,6
MMS01;2/12/2017;10,2
MMS01;3/12/2017;1
MMS01;4/12/2017;0
MMS01;5/12/2017;0
MMS01;6/12/2017;0
MMS01;7/12/2017;0
MMS01;8/12/2017;0
MMS01;9/12/2017;0
MMS01;10/12/2017;0,6
MMS01;11/12/2017;0
MMS01;12/12/2017;0
MMS01;13/12/2017;0
MMS01;14/12/2017;0
MMS01;15/12/2017;0
MMS01;16/12/2017;2
MMS01;17/12/2017;2
MMS01;18/12/2017;14,4
MMS01;19/12/2017;0,2
MMS01;20/12/2017;0
MMS01;21/12/2017;1,6
MMS01;22/12/2017;0
MMS01;23/12/2017;0
MMS01;24/12/2017;0
MMS01;25/12/2017;0
MMS01;26/12/2017;0
MMS01;27/12/2017;0,2
MMS01;28/12/2017;0,4
MMS01;29/12/2017;0
MMS01;30/12/2017;0
MMS01;31/12/2017;0
MMS01;1/1/2018;0
MMS01;2/1/2018;0
MMS01;3/1/2018;0
MMS01;4/1/2018;0
MMS01;5/1/2018;0
MMS01;6/1/2018;0
MMS01;7/1/2018;0
MMS01;8/1/2018;0
MMS01;9/1/2018;0
MMS01;10/1/2018;0
MMS01;11/1/2018;0
MMS01;12/1/2018;0
MMS01;13/1/2018;1,4
MMS01;14/1/2018;0
MMS01;15/1/2018;3,4
MMS01;16/1/2018;0
MMS01;17/1/2018;1,6
MMS01;18/1/2018;0
MMS01;19/1/2018;0
MMS01;20/1/2018;0
MMS01;21/1/2018;2,6
MMS01;22/1/2018;7
MMS01;23/1/2018;0
MMS01;24/1/2018;0,2
MMS01;25/1/2018;0
MMS01;26/1/2018;0
MMS01;27/1/2018;0
MMS01;28/1/2018;0
MMS01;29/1/2018;0
MMS01;30/1/2018;0,2
MMS01;31/1/2018;0,2
MMS01;1/2/2018;0
MMS01;2/2/2018;0,2
MMS01;3/2/2018;0,2
MMS01;4/2/2018;0
MMS01;5/2/2018;8,8
MMS01;6/2/2018;0
MMS01;7/2/2018;0,4
MMS01;8/2/2018;5,2
MMS01;9/2/2018;0
MMS01;10/2/2018;18,4
MMS01;11/2/2018;21
MMS01;12/2/2018;0,6
MMS01;13/2/2018;2,8
MMS01;14/2/2018;3,6
MMS01;15/2/2018;7
MMS01;16/2/2018;0,8
MMS01;17/2/2018;0
MMS01;18/2/2018;0
MMS01;19/2/2018;0
MMS01;20/2/2018;1
MMS01;21/2/2018;2,4
MMS01;22/2/2018;0,6
MMS01;23/2/2018;0
MMS01;24/2/2018;6
MMS01;25/2/2018;6
MMS01;26/2/2018;48,6
MMS01;27/2/2018;19,8
MMS01;28/2/2018;0,8
MMS01;1/3/2018;0,2
MMS01;2/3/2018;1,6
MMS01;3/3/2018;0
MMS01;4/3/2018;0
MMS01;5/3/2018;2,6
MMS01;6/3/2018;1,8
MMS01;7/3/2018;0,2
MMS01;8/3/2018;0,2
MMS01;9/3/2018;0
MMS01;10/3/2018;0
MMS01;11/3/2018;0
MMS01;12/3/2018;0,2
MMS01;13/3/2018;0,2
MMS01;14/3/2018;0
MMS01;15/3/2018;0
MMS01;16/3/2018;0
MMS01;17/3/2018;0
MMS01;18/3/2018;5,2
MMS01;19/3/2018;1,6
MMS01;20/3/2018;2,2
MMS01;21/3/2018;0,2
MMS01;22/3/2018;4,4
MMS01;23/3/2018;14,4
MMS01;24/3/2018;4,6
MMS01;25/3/2018;30,8
MMS01;26/3/2018;10,4
MMS01;27/3/2018;18,2
MMS01;28/3/2018;4
MMS01;29/3/2018;0
MMS01;30/3/2018;0
MMS01;31/3/2018;0
MMS01;1/4/2018;0
MMS01;2/4/2018;0
MMS01;3/4/2018;0
MMS01;4/4/2018;0
MMS01;5/4/2018;0
MMS01;6/4/2018;0,8
MMS01;7/4/2018;3,2
MMS01;8/4/2018;0
MMS01;9/4/2018;0
MMS01;10/4/2018;0
MMS01;11/4/2018;0
MMS01;12/4/2018;0
MMS01;13/4/2018;0
MMS01;14/4/2018;0
MMS01;15/4/2018;0
MMS01;16/4/2018;0
MMS01;17/4/2018;0
MMS01;18/4/2018;0
MMS01;19/4/2018;0
MMS01;20/4/2018;0
MMS01;21/4/2018;0
MMS01;22/4/2018;0
MMS01;23/4/2018;0
MMS01;24/4/2018;0
MMS01;25/4/2018;0
MMS01;26/4/2018;0
MMS01;27/4/2018;0
MMS01;28/4/2018;0
MMS01;29/4/2018;0
MMS01;30/4/2018;0
MMS01;1/5/2018;0
MMS01;2/5/2018;0
MMS01;3/5/2018;0
MMS01;4/5/2018;0
MMS01;5/5/2018;0
MMS01;6/5/2018;8,6
MMS01;7/5/2018;9,5
MMS01;8/5/2018;1,6
MMS01;9/5/2018;0
MMS01;10/5/2018;0
MMS01;11/5/2018;1,2
MMS01;12/5/2018;4,8
MMS01;13/5/2018;5,6
MMS01;14/5/2018;0,4
MMS01;15/5/2018;0
MMS01;16/5/2018;5,8
MMS01;17/5/2018;0,2
MMS01;18/5/2018;0,2
MMS01;19/5/2018;1
MMS01;20/5/2018;0
MMS01;21/5/2018;0
MMS01;22/5/2018;0
MMS01;23/5/2018;0,2
MMS01;24/5/2018;0
MMS01;25/5/2018;2,4
MMS01;26/5/2018;7,2
MMS01;27/5/2018;0
MMS01;28/5/2018;0
MMS01;29/5/2018;0
MMS01;30/5/2018;0
MMS01;31/5/2018;0
MMS01;1/6/2018;0
MMS01;2/6/2018;0
MMS01;3/6/2018;0
MMS01;4/6/2018;0
MMS01;5/6/2018;0
MMS01;6/6/2018;0,4
MMS01;7/6/2018;0
MMS01;8/6/2018;0
MMS01;9/6/2018;0
MMS01;10/6/2018;12
MMS01;11/6/2018;0,2
MMS01;12/6/2018;0
MMS01;13/6/2018;3,8
MMS01;14/6/2018;0,2
MMS01;15/6/2018;0
MMS01;16/6/2018;12,6
MMS01;17/6/2018;0,4
MMS01;18/6/2018;0
MMS01;19/6/2018;0
MMS01;20/6/2018;0
MMS01;21/6/2018;0
MMS01;22/6/2018;0
MMS01;23/6/2018;0
MMS01;24/6/2018;0,4
MMS01;25/6/2018;0
MMS01;26/6/2018;98
MMS01;27/6/2018;57
MMS01;28/6/2018;4
MMS01;29/6/2018;0
MMS01;30/6/2018;0
MMS01;1/7/2018;0
MMS01;2/7/2018;0
MMS01;3/7/2018;0
MMS01;4/7/2018;1
MMS01;5/7/2018;0
MMS01;6/7/2018;0
MMS01;7/7/2018;15,8
MMS01;8/7/2018;0,4
MMS01;9/7/2018;17,2
MMS01;10/7/2018;0
MMS01;11/7/2018;0
MMS01;12/7/2018;0
MMS01;13/7/2018;1
MMS01;14/7/2018;0
MMS01;15/7/2018;0
MMS01;16/7/2018;0
MMS01;17/7/2018;1,4
MMS01;18/7/2018;0
MMS01;19/7/2018;0
MMS01;20/7/2018;0
MMS01;21/7/2018;0
MMS01;22/7/2018;0
MMS01;23/7/2018;10,2
MMS01;24/7/2018;0
MMS01;1/8/2018;0
MMS01;2/8/2018;0
MMS01;3/8/2018;0
MMS01;4/8/2018;0
MMS01;5/8/2018;0
MMS01;6/8/2018;0
MMS01;7/8/2018;0
MMS01;8/8/2018;0
MMS01;9/8/2018;0
MMS01;10/8/2018;0
MMS01;11/8/2018;0
MMS01;12/8/2018;0
MMS01;13/8/2018;0
MMS01;14/8/2018;0
MMS01;15/8/2018;0
MMS01;16/8/2018;0
MMS01;17/8/2018;1
MMS01;18/8/2018;0
MMS01;19/8/2018;0
MMS01;20/8/2018;0
MMS01;21/8/2018;0
MMS01;22/8/2018;0
MMS01;23/8/2018;0
MMS01;24/8/2018;0
MMS01;25/8/2018;0
MMS01;26/8/2018;0
MMS01;27/8/2018;0
MMS01;28/8/2018;0
MMS01;29/8/2018;0
MMS01;30/8/2018;0
MMS01;31/8/2018;0
MMS01;1/9/2018;0
MMS01;2/9/2018;0
MMS01;3/9/2018;0
MMS01;4/9/2018;0
MMS01;5/9/2018;0,2
MMS01;6/9/2018;0
MMS01;7/9/2018;0
MMS01;8/9/2018;0
MMS01;9/9/2018;0
MMS01;10/9/2018;0
MMS01;11/9/2018;0
MMS01;12/9/2018;0,4
MMS01;13/9/2018;0
MMS01;14/9/2018;0
MMS01;15/9/2018;0
MMS01;16/9/2018;0
MMS01;17/9/2018;0
MMS01;18/9/2018;0
MMS01;19/9/2018;0
MMS01;20/9/2018;0
MMS01;21/9/2018;0
MMS01;22/9/2018;0
MMS01;23/9/2018;0
MMS01;24/9/2018;0
MMS01;25/9/2018;0,8
MMS01;26/9/2018;0
MMS01;27/9/2018;0
MMS01;28/9/2018;0,4
MMS01;29/9/2018;1,6
MMS01;30/9/2018;13
MMS01;1/10/2018;8,2
MMS01;2/10/2018;0
MMS01;3/10/2018;0
MMS01;4/10/2018;0,4
MMS01;5/10/2018;0
MMS01;6/10/2018;0
MMS01;7/10/2018;0
MMS01;8/10/2018;0
MMS01;9/10/2018;0
MMS01;10/10/2018;0
MMS01;11/10/2018;0
MMS01;12/10/2018;0,2
MMS01;13/10/2018;0
MMS01;14/10/2018;0
MMS01;15/10/2018;0
MMS01;16/10/2018;0
MMS01;17/10/2018;0
MMS01;18/10/2018;0
MMS01;19/10/2018;0
MMS01;20/10/2018;0,6
MMS01;21/10/2018;0
MMS01;22/10/2018;2
MMS01;23/10/2018;0
MMS01;24/10/2018;0
MMS01;25/10/2018;0
MMS01;26/10/2018;0
MMS01;27/10/2018;0
MMS01;28/10/2018;0
MMS01;29/10/2018;0
MMS01;30/10/2018;0
MMS01;31/10/2018;0
MMS01;1/11/2018;0,2
MMS01;2/11/2018;0
MMS01;3/11/2018;0
MMS01;4/11/2018;0
MMS01;5/11/2018;0
MMS01;6/11/2018;0
MMS01;7/11/2018;0
MMS01;8/11/2018;0
MMS01;9/11/2018;0
MMS01;10/11/2018;0
MMS01;11/11/2018;0
MMS01;12/11/2018;0
MMS01;13/11/2018;0
MMS01;14/11/2018;0
MMS01;15/11/2018;0
MMS01;16/11/2018;0
MMS01;17/11/2018;0
MMS01;18/11/2018;14,6
MMS01;19/11/2018;0,4
MMS01;20/11/2018;1
MMS01;21/11/2018;9,8
MMS01;22/11/2018;0,4
MMS01;23/11/2018;0,4
MMS01;24/11/2018;0
MMS01;25/11/2018;0
MMS01;26/11/2018;10,6
MMS01;27/11/2018;0,2
MMS01;28/11/2018;17
MMS01;29/11/2018;4
MMS01;30/11/2018;0
MMS01;1/12/2018;0
MMS01;2/12/2018;0
MMS01;3/12/2018;0
MMS01;4/12/2018;0
MMS01;5/12/2018;0
MMS01;6/12/2018;0,2
MMS01;7/12/2018;0
MMS01;8/12/2018;0
MMS01;9/12/2018;0,8
MMS01;10/12/2018;0
MMS01;11/12/2018;0
MMS01;12/12/2018;0
MMS01;13/12/2018;0,6
MMS01;14/12/2018;2,6
MMS01;15/12/2018;0,4
MMS01;16/12/2018;9
MMS01;17/12/2018;0,8
MMS01;18/12/2018;9
MMS01;19/12/2018;0,2
MMS01;20/12/2018;0
MMS01;21/12/2018;0
MMS01;22/12/2018;0,2
MMS01;23/12/2018;0
MMS01;24/12/2018;0
MMS01;25/12/2018;1
MMS01;26/12/2018;0
MMS01;27/12/2018;0
MMS01;28/12/2018;0
MMS01;29/12/2018;0
MMS01;30/12/2018;4,4
MMS01;31/12/2018;0,4
MMS01;1/1/2019;0
MMS01;2/1/2019;0
MMS01;3/1/2019;10,6
MMS01;4/1/2019;10,6
MMS01;5/1/2019;6,2
MMS01;6/1/2019;5,2
MMS01;7/1/2019;0
MMS01;8/1/2019;0
MMS01;9/1/2019;6,2
MMS01;10/1/2019;0,8
MMS01;11/1/2019;0
MMS01;12/1/2019;0,6
MMS01;13/1/2019;0
MMS01;14/1/2019;0
MMS01;15/1/2019;0
MMS01;16/1/2019;0
MMS01;17/1/2019;0
MMS01;18/1/2019;0
MMS01;19/1/2019;0
MMS01;20/1/2019;9,2
MMS01;21/1/2019;4,8
MMS01;22/1/2019;14,8
MMS01;23/1/2019;0,2
MMS01;24/1/2019;0
MMS01;25/1/2019;40,2
MMS01;26/1/2019;29,4
MMS01;27/1/2019;0,2
MMS01;28/1/2019;0
MMS01;29/1/2019;1,8
MMS01;30/1/2019;8,2
MMS01;31/1/2019;1,6
MMS01;1/2/2019;0
MMS01;2/2/2019;0
MMS01;3/2/2019;0
MMS01;4/2/2019;0
MMS01;5/2/2019;0
MMS01;6/2/2019;5,8
MMS01;7/2/2019;0
MMS01;8/2/2019;0
MMS01;9/2/2019;0
MMS01;10/2/2019;0
MMS01;11/2/2019;0
MMS01;12/2/2019;0,4
MMS01;13/2/2019;0
MMS01;14/2/2019;0
MMS01;15/2/2019;0
MMS01;16/2/2019;0
MMS01;17/2/2019;0
MMS01;18/2/2019;0
MMS01;19/2/2019;0
MMS01;20/2/2019;0
MMS01;21/2/2019;0
MMS01;22/2/2019;0
MMS01;23/2/2019;19
MMS01;24/2/2019;0
MMS01;25/2/2019;0
MMS01;26/2/2019;0
MMS01;27/2/2019;0
MMS01;28/2/2019;0
MMS01;1/3/2019;0
MMS01;2/3/2019;0
MMS01;3/3/2019;1,8
MMS01;4/3/2019;0
MMS01;5/3/2019;0
MMS01;6/3/2019;0
MMS01;7/3/2019;0
MMS01;8/3/2019;0
MMS01;9/3/2019;0
MMS01;10/3/2019;0
MMS01;11/3/2019;0
MMS01;12/3/2019;15,6
MMS01;13/3/2019;0
MMS01;14/3/2019;0,2
MMS01;15/3/2019;0,2
MMS01;16/3/2019;0
MMS01;17/3/2019;0
MMS01;18/3/2019;0
MMS01;19/3/2019;0
MMS01;20/3/2019;0
MMS01;21/3/2019;0
MMS01;22/3/2019;0
MMS01;23/3/2019;0
MMS01;24/3/2019;0
MMS01;25/3/2019;0
MMS01;26/3/2019;0
MMS01;27/3/2019;0
MMS01;28/3/2019;0
MMS01;29/3/2019;0
MMS01;30/3/2019;0
MMS01;31/3/2019;0
MMS01;1/4/2019;0
MMS01;2/4/2019;0
MMS01;3/4/2019;0
MMS01;4/4/2019;0
MMS01;5/4/2019;0
MMS01;6/4/2019;0
MMS01;7/4/2019;3
MMS01;8/4/2019;10,4
MMS01;9/4/2019;7
MMS01;10/4/2019;0
MMS01;11/4/2019;0,2
MMS01;12/4/2019;1,6
MMS01;13/4/2019;2,4
MMS01;14/4/2019;0,2
MMS01;15/4/2019;0,4
MMS01;16/4/2019;0,8
MMS01;17/4/2019;0
MMS01;18/4/2019;0
MMS01;19/4/2019;0,2
MMS01;20/4/2019;0
MMS01;21/4/2019;0
MMS01;22/4/2019;0
MMS01;23/4/2019;0,2
MMS01;24/4/2019;0
MMS01;25/4/2019;0
MMS01;26/4/2019;0
MMS01;27/4/2019;0,2
MMS01;28/4/2019;0
MMS01;29/4/2019;0
MMS01;30/4/2019;0
MMS01;1/5/2019;0
MMS01;2/5/2019;0
MMS01;3/5/2019;0
MMS01;4/5/2019;0
MMS01;5/5/2019;2,8
MMS01;6/5/2019;0
MMS01;7/5/2019;0,4
MMS01;8/5/2019;0
MMS01;9/5/2019;0
MMS01;10/5/2019;0
MMS01;11/5/2019;0
MMS01;12/5/2019;0
MMS01;13/5/2019;1
MMS01;14/5/2019;0,2
MMS01;15/5/2019;0
MMS01;16/5/2019;0
MMS01;17/5/2019;0
MMS01;18/5/2019;0
MMS01;19/5/2019;0
MMS01;20/5/2019;0
MMS01;21/5/2019;0
MMS01;22/5/2019;0
MMS01;23/5/2019;0
MMS01;24/5/2019;22,6
MMS01;25/5/2019;0
MMS01;26/5/2019;0
MMS01;27/5/2019;0
MMS01;28/5/2019;0
MMS01;29/5/2019;0
MMS01;30/5/2019;0
MMS01;31/5/2019;0,6
MMS01;1/6/2019;0
MMS01;2/6/2019;2
MMS01;3/6/2019;10,2
MMS01;4/6/2019;0
MMS01;5/6/2019;0
MMS01;6/6/2019;0,6
MMS01;7/6/2019;0,2
MMS01;8/6/2019;0
MMS01;9/6/2019;5
MMS01;10/6/2019;0,2
MMS01;11/6/2019;0
MMS01;12/6/2019;0
MMS01;13/6/2019;0
MMS01;14/6/2019;0
MMS01;15/6/2019;0
MMS01;16/6/2019;0,6
MMS01;17/6/2019;0
MMS01;18/6/2019;0,2
MMS01;19/6/2019;0
MMS01;20/6/2019;0
MMS01;21/6/2019;0,2
MMS01;22/6/2019;0
MMS01;23/6/2019;0
MMS01;24/6/2019;0
MMS01;25/6/2019;0
MMS01;26/6/2019;0
MMS01;27/6/2019;0
MMS01;28/6/2019;9,8
MMS01;29/6/2019;0
MMS01;30/6/2019;0
MMS01;1/7/2019;0
MMS01;2/7/2019;0
MMS01;3/7/2019;0
MMS01;4/7/2019;0
MMS01;5/7/2019;10,6
MMS01;6/7/2019;0
MMS01;7/7/2019;0
MMS01;8/7/2019;0
MMS01;9/7/2019;0
MMS01;10/7/2019;13,8
MMS01;11/7/2019;31,8
MMS01;12/7/2019;0
MMS01;13/7/2019;0
MMS01;14/7/2019;5,8
MMS01;15/7/2019;0
MMS01;16/7/2019;0
MMS01;17/7/2019;0
MMS01;18/7/2019;0
MMS01;19/7/2019;0
MMS01;20/7/2019;0
MMS01;21/7/2019;0
MMS01;22/7/2019;0
MMS01;23/7/2019;0,6
MMS01;24/7/2019;0
MMS01;25/7/2019;0
MMS01;26/7/2019;0
MMS01;27/7/2019;0
MMS01;28/7/2019;0
MMS01;29/7/2019;0
MMS01;30/7/2019;0
MMS01;31/7/2019;0
MMS01;1/8/2019;0
MMS01;2/8/2019;0
MMS01;3/8/2019;0
MMS01;4/8/2019;0
MMS01;5/8/2019;0
MMS01;6/8/2019;0
MMS01;7/8/2019;0
MMS01;8/8/2019;0
MMS01;9/8/2019;0
MMS01;10/8/2019;0
MMS01;11/8/2019;0
MMS01;12/8/2019;0
MMS01;13/8/2019;0
MMS01;14/8/2019;0
MMS01;15/8/2019;0
MMS01;16/8/2019;0
MMS01;17/8/2019;0,4
MMS01;18/8/2019;0
MMS01;19/8/2019;0
MMS01;20/8/2019;0
MMS01;21/8/2019;0
MMS01;22/8/2019;0
MMS01;23/8/2019;0
MMS01;24/8/2019;0
MMS01;25/8/2019;0
MMS01;26/8/2019;0
MMS01;27/8/2019;0
MMS01;28/8/2019;0
MMS01;29/8/2019;0
MMS01;30/8/2019;0
MMS01;31/8/2019;0
MMS01;1/9/2019;0
MMS01;2/9/2019;0
MMS01;3/9/2019;0
MMS01;4/9/2019;0
MMS01;5/9/2019;0
MMS01;6/9/2019;0
MMS01;7/9/2019;0
MMS01;8/9/2019;0
MMS01;9/9/2019;0
MMS01;10/9/2019;0
MMS01;11/9/2019;0
MMS01;12/9/2019;0
MMS01;13/9/2019;0
MMS01;14/9/2019;0
MMS01;15/9/2019;0
MMS01;16/9/2019;0
MMS01;17/9/2019;0
MMS01;18/9/2019;0
MMS01;19/9/2019;2,4
MMS01;20/9/2019;6
MMS01;21/9/2019;0,2
MMS01;22/9/2019;0
MMS01;23/9/2019;0
MMS01;24/9/2019;3,2
MMS01;25/9/2019;0,2
MMS01;26/9/2019;0
MMS01;27/9/2019;0
MMS01;28/9/2019;0
MMS01;29/9/2019;0
MMS01;30/9/2019;0
MMS01;1/10/2019;0
MMS01;2/10/2019;0
MMS01;3/10/2019;0
MMS01;4/10/2019;7,8
MMS01;5/10/2019;0
MMS01;6/10/2019;0
MMS01;7/10/2019;6,6
MMS01;8/10/2019;1,2
MMS01;9/10/2019;0
MMS01;10/10/2019;0,2
MMS01;11/10/2019;0
MMS01;12/10/2019;0
MMS01;13/10/2019;0
MMS01;14/10/2019;0
MMS01;15/10/2019;0
MMS01;16/10/2019;0
MMS01;17/10/2019;0
MMS01;18/10/2019;0
MMS01;19/10/2019;0
MMS01;20/10/2019;0
MMS01;21/10/2019;0
MMS01;22/10/2019;0
MMS01;23/10/2019;0
MMS01;24/10/2019;0
MMS01;25/10/2019;0
MMS01;26/10/2019;0
MMS01;27/10/2019;0
MMS01;28/10/2019;0
MMS01;29/10/2019;0
MMS01;30/10/2019;0
MMS01;31/10/2019;7,4
MMS01;1/11/2019;4,2
MMS01;2/11/2019;2,6
MMS01;3/11/2019;0
MMS01;4/11/2019;2
MMS01;5/11/2019;0
MMS01;6/11/2019;0
MMS01;7/11/2019;0
MMS01;8/11/2019;8,8
MMS01;9/11/2019;0,2
MMS01;10/11/2019;0
MMS01;11/11/2019;0
MMS01;12/11/2019;10,8
MMS01;13/11/2019;11,8
MMS01;14/11/2019;6,2
MMS01;15/11/2019;0,2
MMS01;16/11/2019;0
MMS01;17/11/2019;0
MMS01;18/11/2019;13
MMS01;19/11/2019;0,2
MMS01;20/11/2019;2,2
MMS01;21/11/2019;36,2
MMS01;22/11/2019;70,6
MMS01;23/11/2019;0
MMS01;24/11/2019;0,2
MMS01;25/11/2019;140
MMS01;26/11/2019;0,2
MMS01;27/11/2019;0
MMS01;28/11/2019;0
MMS01;29/11/2019;1,2
MMS01;30/11/2019;0
MMS01;1/12/2019;0
MMS01;2/12/2019;0
MMS01;3/12/2019;4,4
MMS01;4/12/2019;28,2
MMS01;5/12/2019;0
MMS01;6/12/2019;0
MMS01;7/12/2019;0
MMS01;8/12/2019;0,2
MMS01;9/12/2019;0
MMS01;10/12/2019;12,8
MMS01;11/12/2019;17,8
MMS01;12/12/2019;20,8
MMS01;13/12/2019;0,2
MMS01;14/12/2019;13,6
MMS01;15/12/2019;0
MMS01;16/12/2019;0
MMS01;17/12/2019;0,2
MMS01;18/12/2019;0
MMS01;19/12/2019;0
MMS01;20/12/2019;0
MMS01;21/12/2019;0
MMS01;22/12/2019;2,6
MMS01;23/12/2019;0,2
MMS01;24/12/2019;0
MMS01;25/12/2019;0
MMS01;26/12/2019;0
MMS01;27/12/2019;0
MMS01;28/12/2019;0
MMS01;29/12/2019;0
MMS01;30/12/2019;0
MMS01;31/12/2019;0
MMS01;1/1/2020;0
MMS01;2/1/2020;0
MMS01;3/1/2020;0
MMS01;4/1/2020;0
MMS01;5/1/2020;2,2
MMS01;6/1/2020;0
MMS01;7/1/2020;0
MMS01;8/1/2020;0
MMS01;9/1/2020;0
MMS01;10/1/2020;0
MMS01;11/1/2020;0
MMS01;12/1/2020;2,4
MMS01;13/1/2020;0
MMS01;14/1/2020;0
MMS01;15/1/2020;0
MMS01;16/1/2020;0
MMS01;17/1/2020;0
MMS01;18/1/2020;0
MMS01;19/1/2020;0
MMS01;20/1/2020;0
MMS01;21/1/2020;0
MMS01;22/1/2020;0
MMS01;23/1/2020;0
MMS01;24/1/2020;0
MMS01;25/1/2020;0
MMS01;26/1/2020;0
MMS01;27/1/2020;0,2
MMS01;28/1/2020;0
MMS01;29/1/2020;1
MMS01;30/1/2020;0
MMS01;31/1/2020;0
MMS01;1/2/2020;0
MMS01;2/2/2020;0
MMS01;3/2/2020;0
MMS01;4/2/2020;0
MMS01;5/2/2020;11,8
MMS01;6/2/2020;2
MMS01;7/2/2020;0
MMS01;8/2/2020;0
MMS01;9/2/2020;0
MMS01;10/2/2020;0
MMS01;11/2/2020;0
MMS01;12/2/2020;0,4
MMS01;13/2/2020;0,2
MMS01;14/2/2020;4,2
MMS01;15/2/2020;1,2
MMS01;16/2/2020;0
MMS01;17/2/2020;0
MMS01;18/2/2020;0
MMS01;19/2/2020;0
MMS01;20/2/2020;2,2
MMS01;21/2/2020;0
MMS01;22/2/2020;9,6
MMS01;23/2/2020;0
MMS01;24/2/2020;0
MMS01;25/2/2020;0
MMS01;26/2/2020;0
MMS01;27/2/2020;0
MMS01;28/2/2020;1,8
MMS01;29/2/2020;0
MMS01;1/3/2020;0
MMS01;2/3/2020;0
MMS01;3/3/2020;0
MMS01;4/3/2020;14
MMS01;5/3/2020;0,2
MMS01;6/3/2020;0
MMS01;7/3/2020;0
MMS01;8/3/2020;6,8
MMS01;9/3/2020;13,8
MMS01;10/3/2020;0,2
MMS01;11/3/2020;0
MMS01;12/3/2020;0
MMS01;13/3/2020;0
MMS01;14/3/2020;0
MMS01;15/3/2020;13
MMS01;16/3/2020;1
MMS01;17/3/2020;0,2
MMS01;18/3/2020;0
MMS01;19/3/2020;0
MMS01;20/3/2020;0
MMS01;21/3/2020;0
MMS01;22/3/2020;0
MMS01;23/3/2020;12,2
MMS01;24/3/2020;0,8
MMS01;25/3/2020;0
MMS01;26/3/2020;0
MMS01;27/3/2020;9
MMS01;28/3/2020;7,4
MMS01;29/3/2020;0,4
MMS01;30/3/2020;0
MMS01;31/3/2020;0
MMS01;1/4/2020;14,6
MMS01;2/4/2020;38,4
MMS01;3/4/2020;0
MMS01;4/4/2020;24,2
MMS01;5/4/2020;49
MMS01;6/4/2020;3,4
MMS01;7/4/2020;0
MMS01;8/4/2020;0
MMS01;9/4/2020;0
MMS01;10/4/2020;0
MMS01;11/4/2020;0
MMS01;12/4/2020;0
MMS01;13/4/2020;0
MMS01;14/4/2020;0
MMS01;15/4/2020;4,2
MMS01;16/4/2020;0,2
MMS01;17/4/2020;0
MMS01;18/4/2020;0
MMS01;19/4/2020;0
MMS01;20/4/2020;0,2
MMS01;21/4/2020;1,6
MMS01;22/4/2020;0,2
MMS01;23/4/2020;0
MMS01;24/4/2020;0
MMS01;25/4/2020;0
MMS01;26/4/2020;0
MMS01;27/4/2020;0
MMS01;28/4/2020;0
MMS01;29/4/2020;0
MMS01;30/4/2020;0
MMS01;1/5/2020;0
MMS01;2/5/2020;1,8
MMS01;3/5/2020;0
MMS01;4/5/2020;0
MMS01;5/5/2020;0
MMS01;6/5/2020;0,2
MMS01;7/5/2020;1,4
MMS01;8/5/2020;0
MMS01;9/5/2020;0
MMS01;10/5/2020;0
MMS01;11/5/2020;0
MMS01;12/5/2020;0
MMS01;13/5/2020;0
MMS01;14/5/2020;0
MMS01;15/5/2020;0
MMS01;16/5/2020;0
MMS01;17/5/2020;0
MMS01;18/5/2020;0
MMS01;19/5/2020;0
MMS01;20/5/2020;0
MMS01;21/5/2020;6,4
MMS01;22/5/2020;2
MMS01;23/5/2020;0
MMS01;24/5/2020;0,8
MMS01;25/5/2020;2
MMS01;26/5/2020;0,2
MMS01;27/5/2020;2,6
MMS01;28/5/2020;2,2
MMS01;29/5/2020;0
MMS01;30/5/2020;0
MMS01;31/5/2020;3,6
MMS01;1/6/2020;5,2
MMS01;2/6/2020;0,2
MMS01;3/6/2020;0
MMS01;4/6/2020;0
MMS01;5/6/2020;0
MMS01;10/6/2020;0
MMS01;11/6/2020;5,2
MMS01;12/6/2020;0
MMS01;13/6/2020;0
MMS01;14/6/2020;0
MMS01;15/6/2020;0
MMS01;16/6/2020;0
MMS01;17/6/2020;2
MMS01;18/6/2020;0
MMS01;19/6/2020;0
MMS01;20/6/2020;0
MMS01;21/6/2020;3,4
MMS01;22/6/2020;0
MMS01;23/6/2020;1,4
MMS01;24/6/2020;0
MMS01;25/6/2020;0
MMS01;26/6/2020;0
MMS01;27/6/2020;0
MMS01;28/6/2020;0
MMS01;29/6/2020;0
MMS01;30/6/2020;0
MMS01;1/7/2020;0
MMS01;2/7/2020;0
MMS01;3/7/2020;0
MMS01;4/7/2020;0
MMS01;5/7/2020;0
MMS01;6/7/2020;0
MMS01;7/7/2020;0
MMS01;8/7/2020;0
MMS01;9/7/2020;0
MMS01;10/7/2020;0
MMS01;11/7/2020;0
MMS01;12/7/2020;0
MMS01;13/7/2020;0
MMS01;14/7/2020;0
MMS01;15/7/2020;0
MMS01;16/7/2020;0,4
MMS01;17/7/2020;0
MMS01;18/7/2020;0
MMS01;19/7/2020;0
MMS01;20/7/2020;0
MMS01;21/7/2020;0
MMS01;22/7/2020;0
MMS01;23/7/2020;0
MMS01;24/7/2020;0
MMS01;25/7/2020;0
MMS01;26/7/2020;0
MMS01;27/7/2020;0
MMS01;28/7/2020;0
MMS01;29/7/2020;0
MMS01;30/7/2020;0
MMS01;31/7/2020;0
MMS01;1/8/2020;0
MMS01;2/8/2020;0
MMS01;3/8/2020;0
MMS01;4/8/2020;0
MMS01;5/8/2020;0
MMS01;6/8/2020;0
MMS01;7/8/2020;0
MMS01;8/8/2020;0,8
MMS01;9/8/2020;0
MMS01;10/8/2020;0
MMS01;11/8/2020;0
MMS01;12/8/2020;0,4
MMS01;13/8/2020;0
MMS01;14/8/2020;0
MMS01;15/8/2020;0
MMS01;16/8/2020;0
MMS01;17/8/2020;0
MMS01;18/8/2020;0
MMS01;19/8/2020;11
MMS01;20/8/2020;0,2
MMS01;21/8/2020;0
MMS01;22/8/2020;0
MMS01;23/8/2020;0
MMS01;24/8/2020;0
MMS01;25/8/2020;0,2
MMS01;26/8/2020;0
MMS01;27/8/2020;0
MMS01;28/8/2020;0
MMS01;29/8/2020;0
MMS01;30/8/2020;0
MMS01;31/8/2020;0
MMS01;1/9/2020;0
MMS01;2/9/2020;0
MMS01;3/9/2020;0
MMS01;4/9/2020;0
MMS01;5/9/2020;0
MMS01;6/9/2020;0
MMS01;7/9/2020;0
MMS01;8/9/2020;0
MMS01;9/9/2020;0
MMS01;10/9/2020;0
MMS01;11/9/2020;0
MMS01;12/9/2020;0
MMS01;13/9/2020;0
MMS01;14/9/2020;0
MMS01;15/9/2020;0
MMS01;16/9/2020;0
MMS01;17/9/2020;0
MMS01;18/9/2020;0
MMS01;19/9/2020;0
MMS01;20/9/2020;0
MMS01;21/9/2020;0
MMS01;22/9/2020;0
MMS01;23/9/2020;0
MMS01;24/9/2020;0
MMS01;25/9/2020;0
MMS01;26/9/2020;6,4
MMS01;27/9/2020;0
MMS01;28/9/2020;1,2
MMS01;29/9/2020;0
MMS01;30/9/2020;0
MMS01;1/10/2020;0
MMS01;2/10/2020;0
MMS01;3/10/2020;0
MMS01;4/10/2020;0
MMS01;5/10/2020;0
MMS01;6/10/2020;0
MMS01;7/10/2020;0,4
MMS01;8/10/2020;0,4
MMS01;9/10/2020;0
MMS01;10/10/2020;0
MMS01;11/10/2020;0
MMS01;12/10/2020;0
MMS01;13/10/2020;13,8
MMS01;14/10/2020;0
MMS01;15/10/2020;0
MMS01;16/10/2020;0
MMS01;17/10/2020;0
MMS01;18/10/2020;0
MMS01;19/10/2020;0
MMS01;20/10/2020;0
MMS01;21/10/2020;0
MMS01;22/10/2020;0
MMS01;23/10/2020;0
MMS01;24/10/2020;0
MMS01;25/10/2020;0,2
MMS01;26/10/2020;0
MMS01;27/10/2020;0
MMS01;28/10/2020;5,8
MMS01;29/10/2020;0
MMS01;30/10/2020;0,2
MMS01;31/10/2020;0
MMS01;1/11/2020;0
MMS01;2/11/2020;0
MMS01;3/11/2020;1
MMS01;4/11/2020;0,4
MMS01;5/11/2020;0,2
MMS01;6/11/2020;0
MMS01;7/11/2020;0
MMS01;8/11/2020;0
MMS01;9/11/2020;0
MMS01;10/11/2020;0
MMS01;11/11/2020;0
MMS01;12/11/2020;0
MMS01;13/11/2020;0
MMS01;14/11/2020;0
MMS01;15/11/2020;0
MMS01;16/11/2020;0
MMS01;17/11/2020;0
MMS01;18/11/2020;0
MMS01;19/11/2020;0
MMS01;20/11/2020;0
MMS01;21/11/2020;0,2
MMS01;22/11/2020;0
MMS01;23/11/2020;0
MMS01;24/11/2020;0
MMS01;25/11/2020;0
MMS01;26/11/2020;0
MMS01;27/11/2020;0
MMS01;28/11/2020;0
MMS01;29/11/2020;5,6
MMS01;30/11/2020;2,4
MMS01;1/12/2020;0,8
MMS01;2/12/2020;0,4
MMS01;3/12/2020;0
MMS01;4/12/2020;7,2
MMS01;5/12/2020;5,2
MMS01;6/12/2020;0,4
MMS01;7/12/2020;28,2
MMS01;8/12/2020;0,2
MMS01;9/12/2020;0,8
MMS01;10/12/2020;10
MMS01;11/12/2020;3,2
MMS01;12/12/2020;8
MMS01;13/12/2020;0,6
MMS01;14/12/2020;6
MMS01;15/12/2020;0
MMS01;16/12/2020;0
MMS01;17/12/2020;0
MMS01;18/12/2020;0
MMS01;19/12/2020;0
MMS01;20/12/2020;0
MMS01;21/12/2020;0
MMS01;22/12/2020;0
MMS01;23/12/2020;0
MMS01;24/12/2020;0
MMS01;25/12/2020;0,2
MMS01;26/12/2020;0,2
MMS01;27/12/2020;1,6
MMS01;28/12/2020;0
MMS01;29/12/2020;0
MMS01;30/12/2020;0
MMS01;31/12/2020;0
MMS01;1/1/2021;0
MMS01;2/1/2021;2
MMS01;3/1/2021;33,8
MMS01;4/1/2021;18,2
MMS01;5/1/2021;0,2
MMS01;6/1/2021;0
MMS01;7/1/2021;0
MMS01;8/1/2021;0
MMS01;9/1/2021;3,2
MMS01;10/1/2021;5,8
MMS01;11/1/2021;2
MMS01;12/1/2021;1,4
MMS01;13/1/2021;0
MMS01;14/1/2021;2,6
MMS01;15/1/2021;1,8
MMS01;16/1/2021;3
MMS01;17/1/2021;0
MMS01;18/1/2021;0
MMS01;19/1/2021;0
MMS01;20/1/2021;0
MMS01;21/1/2021;0
MMS01;22/1/2021;0
MMS01;23/1/2021;0,4
MMS01;24/1/2021;0
MMS01;25/1/2021;0,4
MMS01;26/1/2021;1,4
MMS01;27/1/2021;2,4
MMS01;28/1/2021;0
MMS01;29/1/2021;0,2
MMS01;30/1/2021;2,2
MMS01;31/1/2021;0
MMS01;1/2/2021;0,2
MMS01;2/2/2021;0
MMS01;3/2/2021;0
MMS01;4/2/2021;0,2
MMS01;5/2/2021;0
MMS01;6/2/2021;0,2
MMS01;7/2/2021;0
MMS01;8/2/2021;0,4
MMS01;9/2/2021;0
MMS01;10/2/2021;0
MMS01;11/2/2021;0,2
MMS01;12/2/2021;0
MMS01;13/2/2021;0,6
MMS01;14/2/2021;1,4
MMS01;15/2/2021;5,4
MMS01;16/2/2021;0
MMS01;17/2/2021;0
MMS01;18/2/2021;0
MMS01;19/2/2021;0
MMS01;20/2/2021;0,6
MMS01;21/2/2021;1,4
MMS01;22/2/2021;0,2
MMS01;23/2/2021;0,2
MMS01;24/2/2021;0
MMS01;25/2/2021;0
MMS01;26/2/2021;0,2
MMS01;27/2/2021;0
MMS01;28/2/2021;0,8
MMS01;1/3/2021;0
MMS01;2/3/2021;0
MMS01;3/3/2021;0
MMS01;4/3/2021;0
MMS01;5/3/2021;0
MMS01;6/3/2021;12
MMS01;7/3/2021;0,2
MMS01;8/3/2021;0
MMS01;9/3/2021;1,8
MMS01;10/3/2021;0,2
MMS01;11/3/2021;8,8
MMS01;12/3/2021;0
MMS01;13/3/2021;0
MMS01;14/3/2021;0
MMS01;15/3/2021;0,2
MMS01;16/3/2021;0
MMS01;17/3/2021;0
MMS01;18/3/2021;0
MMS01;19/3/2021;4,2
MMS01;20/3/2021;11,4
MMS01;21/3/2021;5,2
MMS01;22/3/2021;2,2
MMS01;23/3/2021;0,6
MMS01;24/3/2021;0,4
MMS01;25/3/2021;0
MMS01;26/3/2021;0
MMS01;27/3/2021;0
MMS01;28/3/2021;0
MMS01;29/3/2021;0
MMS01;30/3/2021;0
MMS01;31/3/2021;0
MMS01;1/4/2021;0
MMS01;2/4/2021;0
MMS01;3/4/2021;0
MMS01;4/4/2021;0
MMS01;5/4/2021;0,4
MMS01;6/4/2021;0,8
MMS01;7/4/2021;0
MMS01;8/4/2021;10,8
MMS01;9/4/2021;0
MMS01;10/4/2021;0
MMS01;11/4/2021;0
MMS01;12/4/2021;0
MMS01;13/4/2021;0,6
MMS01;14/4/2021;0
MMS01;15/4/2021;0
MMS01;16/4/2021;0,2
MMS01;17/4/2021;0
MMS01;18/4/2021;0
MMS01;19/4/2021;9,6
MMS01;20/4/2021;0
MMS01;21/4/2021;0
MMS01;22/4/2021;0
MMS01;23/4/2021;2
MMS01;24/4/2021;3
MMS01;25/4/2021;0,4
MMS01;26/4/2021;0
MMS01;27/4/2021;0,2
MMS01;28/4/2021;0
MMS01;29/4/2021;0
MMS01;30/4/2021;0
MMS01;1/5/2021;0
MMS01;2/5/2021;0
MMS01;3/5/2021;0
MMS01;4/5/2021;0
MMS01;5/5/2021;0
MMS01;6/5/2021;0
MMS01;7/5/2021;0
MMS01;8/5/2021;0
MMS01;9/5/2021;0
MMS01;10/5/2021;0
MMS01;11/5/2021;0
MMS01;12/5/2021;0
MMS01;13/5/2021;0
MMS01;14/5/2021;0
MMS01;15/5/2021;3
MMS01;16/5/2021;0
MMS01;17/5/2021;0
MMS01;18/5/2021;0
MMS01;19/5/2021;0
MMS01;20/5/2021;0,2
MMS01;21/5/2021;0,4
MMS01;22/5/2021;0
MMS01;23/5/2021;0
MMS01;24/5/2021;0
MMS01;25/5/2021;0
MMS01;26/5/2021;0
MMS01;27/5/2021;0
MMS01;28/5/2021;25,4
MMS01;29/5/2021;0
MMS01;30/5/2021;0
MMS01;31/5/2021;1,4
MMS01;1/6/2021;0
MMS01;2/6/2021;0
MMS01;3/6/2021;0
MMS01;4/6/2021;0
MMS01;5/6/2021;0
MMS01;6/6/2021;0
MMS01;7/6/2021;4,2
MMS01;8/6/2021;0,2
MMS01;9/6/2021;0
MMS01;10/6/2021;0
MMS01;11/6/2021;2
MMS01;12/6/2021;0
MMS01;13/6/2021;3
MMS01;14/6/2021;2,4
MMS01;15/6/2021;0
MMS01;16/6/2021;0
MMS01;17/6/2021;0
MMS01;18/6/2021;1
MMS01;19/6/2021;0
MMS01;20/6/2021;0
MMS01;21/6/2021;0
MMS01;22/6/2021;0,2
MMS01;23/6/2021;0
MMS01;24/6/2021;0
MMS01;25/6/2021;0
MMS01;26/6/2021;0,4
MMS01;27/6/2021;0
MMS01;28/6/2021;0
MMS01;29/6/2021;0
MMS01;30/6/2021;0
MMS01;1/7/2021;0
MMS01;2/7/2021;0
MMS01;3/7/2021;0
MMS01;4/7/2021;0
MMS01;5/7/2021;0
MMS01;6/7/2021;0
MMS01;7/7/2021;0
MMS01;8/7/2021;0
MMS01;9/7/2021;0
MMS01;10/7/2021;0
MMS01;11/7/2021;0
MMS01;12/7/2021;0
MMS01;13/7/2021;0
MMS01;14/7/2021;0
MMS01;15/7/2021;0
MMS01;16/7/2021;0
MMS01;17/7/2021;0
MMS01;18/7/2021;0
MMS01;19/7/2021;0
MMS01;20/7/2021;2,4
MMS01;21/7/2021;0,2
MMS01;22/7/2021;0
MMS01;23/7/2021;0
MMS01;24/7/2021;0
MMS01;25/7/2021;0
MMS01;26/7/2021;0
MMS01;27/7/2021;0
MMS01;28/7/2021;0
MMS01;29/7/2021;0
MMS01;30/7/2021;0
MMS01;31/7/2021;0
MMS01;1/8/2021;0
MMS01;2/8/2021;0
MMS01;3/8/2021;0
MMS01;4/8/2021;0
MMS01;5/8/2021;0
MMS01;6/8/2021;0
MMS01;7/8/2021;0
MMS01;8/8/2021;0
MMS01;9/8/2021;0
MMS01;10/8/2021;0
MMS01;11/8/2021;12,6
MMS01;12/8/2021;0
MMS01;13/8/2021;0
MMS01;14/8/2021;0
MMS01;15/8/2021;0
MMS01;16/8/2021;0
MMS01;17/8/2021;0
MMS01;18/8/2021;0
MMS01;19/8/2021;0
MMS01;20/8/2021;0
MMS01;21/8/2021;0
MMS01;22/8/2021;0
MMS01;23/8/2021;0
MMS01;24/8/2021;0
MMS01;25/8/2021;0
MMS01;26/8/2021;1
MMS01;27/8/2021;0
MMS01;28/8/2021;0
MMS01;29/8/2021;0
MMS01;30/8/2021;0
MMS01;31/8/2021;16,6
MMS01;1/9/2021;0,4
MMS01;2/9/2021;0
MMS01;3/9/2021;0
MMS01;4/9/2021;0,2
MMS01;5/9/2021;0
MMS01;6/9/2021;0
MMS01;7/9/2021;0
MMS01;8/9/2021;2
MMS01;9/9/2021;0
MMS01;10/9/2021;2
MMS01;11/9/2021;0
MMS01;12/9/2021;0
MMS01;13/9/2021;0
MMS01;14/9/2021;0
MMS01;15/9/2021;0
MMS01;16/9/2021;0
MMS01;17/9/2021;0
MMS01;18/9/2021;1,6
MMS01;19/9/2021;0
MMS01;20/9/2021;0
MMS01;21/9/2021;0
MMS01;22/9/2021;6,2
MMS01;23/9/2021;0,2
MMS01;24/9/2021;0
MMS01;25/9/2021;0
MMS01;26/9/2021;0
MMS01;27/9/2021;0
MMS01;28/9/2021;4
MMS01;29/9/2021;1,8
MMS01;30/9/2021;0
MMS01;1/10/2021;0
MMS01;2/10/2021;0
MMS01;3/10/2021;0
MMS01;4/10/2021;0
MMS01;5/10/2021;0
MMS01;6/10/2021;0
MMS01;7/10/2021;0,2
MMS01;8/10/2021;10,2
MMS01;9/10/2021;0,8
MMS01;10/10/2021;20,2
MMS01;11/10/2021;41
MMS01;12/10/2021;3,4
MMS01;13/10/2021;0,2
MMS01;14/10/2021;45,8
MMS01;15/10/2021;80
MMS01;16/10/2021;9,6
MMS01;17/10/2021;0,2
MMS01;18/10/2021;1,4
MMS01;19/10/2021;0
MMS01;20/10/2021;0
MMS01;21/10/2021;0
MMS01;22/10/2021;0
MMS01;23/10/2021;0
MMS01;24/10/2021;2,8
MMS01;25/10/2021;0
MMS01;26/10/2021;0
MMS01;27/10/2021;0
MMS01;28/10/2021;0
